combo_size,features,relevance_mean_abs_pearson,redundancy_mean_abs_pearson,redundancy_max_abs_pearson,score,selector,mrmr_last_added,mrmr_score
1,f1_w5,0.8278019420898332,0.0,0.0,0.8278019420898332,relevance_minus_redundancy,,
1,f5_w5,0.7087886181921202,0.0,0.0,0.7087886181921202,relevance_minus_redundancy,,
1,f3_w5,0.7011751179277971,0.0,0.0,0.7011751179277971,relevance_minus_redundancy,,
2,"f3_w5,f7_w5",0.5634059210736619,0.1571495632318938,0.1571495632318938,0.48483113945771505,relevance_minus_redundancy,,
2,"f3_w5,f8_w5",0.5545701174064235,0.1687240487049453,0.1687240487049453,0.47020809305395084,relevance_minus_redundancy,,
2,"f1_w5,f10_w5",0.5175069974520348,0.10197486760191089,0.10197486760191089,0.4665195636510793,relevance_minus_redundancy,,
2,"f1_w5,f2_w5",0.556759883798488,0.19344295350245827,0.19344295350245827,0.46003840704725885,relevance_minus_redundancy,,
2,"f1_w5,f4_w5",0.5218586657481143,0.13403712741639365,0.13403712741639365,0.45484010203991754,relevance_minus_redundancy,,
2,"f3_w5,f4_w5",0.4585452536670963,0.027068985135452736,0.027068985135452736,0.44501076109936993,relevance_minus_redundancy,,
2,"f1_w5,f6_w5",0.5198236165360409,0.1564170915655615,0.1564170915655615,0.4416150707532602,relevance_minus_redundancy,,
3,"f1_w5,f3_w5,f4_w5",0.5816308164746752,0.3078210526149748,0.762357045293078,0.4277202901671878,relevance_minus_redundancy,,
1,f7_w5,0.4256367242195269,0.0,0.0,0.4256367242195269,relevance_minus_redundancy,,
3,"f1_w5,f5_w5,f4_w5",0.5841686498961163,0.3173733436523416,0.7420058000204852,0.4254819780699455,relevance_minus_redundancy,,
2,"f5_w5,f4_w5",0.4623520037992579,0.07607710352014599,0.07607710352014599,0.4243134520391849,relevance_minus_redundancy,,
3,"f1_w5,f5_w5,f2_w5",0.6074361285963654,0.37267489582551727,0.7420058000204852,0.4210986806836068,relevance_minus_redundancy,,
3,"f1_w5,f3_w5,f10_w5",0.5787297042772889,0.32427875858569627,0.762357045293078,0.4165903249844407,relevance_minus_redundancy,,
3,"f5_w5,f3_w5,f4_w5",0.541959708508771,0.25159622094473927,0.651642574178619,0.4161615980364013,relevance_minus_redundancy,,
4,"f1_w5,f5_w5,f3_w5,f4_w5",0.6134202669040365,0.3988647725940291,0.762357045293078,0.41398788060702196,relevance_minus_redundancy,,
3,"f3_w5,f7_w5,f4_w5",0.44757574385123977,0.07814168215068053,0.1571495632318938,0.4085049027758995,relevance_minus_redundancy,,
1,f8_w5,0.40796511688505,0.0,0.0,0.40796511688505,relevance_minus_redundancy,,
3,"f1_w5,f3_w5,f7_w5",0.6515379280790524,0.4875109054247293,0.762357045293078,0.40778247536668777,relevance_minus_redundancy,,
3,"f1_w5,f5_w5,f10_w5",0.58126753769873,0.34943620722929364,0.7420058000204852,0.40654943408408317,relevance_minus_redundancy,,
3,"f1_w5,f3_w5,f8_w5",0.6456473923008934,0.47835496869042643,0.762357045293078,0.40646990795568017,relevance_minus_redundancy,,
2,"f5_w5,f2_w5",0.4972532218496315,0.18257593395360847,0.18257593395360847,0.40596525487282725,relevance_minus_redundancy,,
4,"f1_w5,f3_w5,f7_w5,f4_w5",0.5426322934108881,0.2789742211517882,0.762357045293078,0.403145182834994,relevance_minus_redundancy,,
3,"f1_w5,f3_w5,f6_w5",0.5802741169999597,0.35494754721318006,0.762357045293078,0.4028003433933697,relevance_minus_redundancy,,
2,"f3_w5,f10_w5",0.4541935853710168,0.10850436286209991,0.10850436286209991,0.3999414039399668,relevance_minus_redundancy,,
4,"f1_w5,f3_w5,f7_w5,f10_w5",0.5404564592628484,0.2814829276053618,0.762357045293078,0.3997149954601674,relevance_minus_redundancy,,
4,"f1_w5,f3_w5,f8_w5,f4_w5",0.5382143915772689,0.28011350675021357,0.762357045293078,0.3981576382021621,relevance_minus_redundancy,,
3,"f3_w5,f7_w5,f10_w5",0.44467463165385346,0.09384651499598869,0.1571495632318938,0.3977513741558591,relevance_minus_redundancy,,
2,"f1_w5,f5_w5",0.7682952801409767,0.7420058000204852,0.7420058000204852,0.3972923801307341,relevance_minus_redundancy,,
4,"f1_w5,f5_w5,f3_w5,f10_w5",0.6112444327559967,0.42846876733694633,0.762357045293078,0.3970100490875236,relevance_minus_redundancy,,
3,"f3_w5,f8_w5,f4_w5",0.4416852080730808,0.0934343519061846,0.1687240487049453,0.39496803211998854,relevance_minus_redundancy,,
4,"f1_w5,f5_w5,f2_w5,f4_w5",0.5095559437988729,0.23203530016801396,0.7420058000204852,0.3935382937148659,relevance_minus_redundancy,,
4,"f1_w5,f5_w5,f3_w5,f2_w5",0.6308708759292233,0.4800206163113878,0.762357045293078,0.3908605677735294,relevance_minus_redundancy,,
5,"f1_w5,f5_w5,f3_w5,f2_w5,f4_w5",0.5478797786246578,0.31813797965353113,0.762357045293078,0.3888107887978922,relevance_minus_redundancy,,
5,"f1_w5,f5_w5,f3_w5,f7_w5,f4_w5",0.5758635583671345,0.3761704362253394,0.762357045293078,0.38777834025446484,relevance_minus_redundancy,,
3,"f1_w5,f3_w5,f2_w5",0.6048982951749243,0.4346331299052048,0.762357045293078,0.3875817302223219,relevance_minus_redundancy,,
3,"f1_w5,f5_w5,f3_w5",0.7459218927365835,0.7186684731640608,0.762357045293078,0.3865876561545531,relevance_minus_redundancy,,
5,"f1_w5,f5_w5,f3_w5,f4_w5,f10_w5",0.5321786240860764,0.29161474482364824,0.762357045293078,0.3863712516742523,relevance_minus_redundancy,,
5,"f1_w5,f5_w5,f3_w5,f8_w5,f4_w5",0.5723292369002392,0.37535025769943864,0.762357045293078,0.38465410805051986,relevance_minus_redundancy,,
4,"f1_w5,f3_w5,f4_w5,f10_w5",0.48802612555956554,0.2070156694086245,0.762357045293078,0.3845182908552533,relevance_minus_redundancy,,
2,"f3_w5,f6_w5",0.4565102044550229,0.1460685047809008,0.1460685047809008,0.38347595206457247,relevance_minus_redundancy,,
2,"f1_w5,f3_w5",0.7644885300088151,0.762357045293078,0.762357045293078,0.3833100073622761,relevance_minus_redundancy,,
4,"f5_w5,f3_w5,f7_w5,f4_w5",0.5128789624364599,0.26337971362903695,0.651642574178619,0.3811891056219414,relevance_minus_redundancy,,
4,"f1_w5,f3_w5,f7_w5,f2_w5",0.560082902436075,0.35791421492997033,0.762357045293078,0.3811257949710898,relevance_minus_redundancy,,
4,"f1_w5,f3_w5,f2_w5,f4_w5",0.5076525687327921,0.2548463974770755,0.762357045293078,0.38022936999425433,relevance_minus_redundancy,,
2,"f1_w5,f9_w5",0.4965176136134497,0.23377926391344342,0.23377926391344342,0.379627981656728,relevance_minus_redundancy,,
2,"f5_w5,f3_w5",0.7049818680599587,0.651642574178619,0.651642574178619,0.37916058097064914,relevance_minus_redundancy,,
5,"f1_w5,f5_w5,f3_w5,f7_w5,f10_w5",0.5741228910487027,0.3905007451520176,0.762357045293078,0.37887251847269393,relevance_minus_redundancy,,
3,"f5_w5,f3_w5,f10_w5",0.5390585963113846,0.3214916303687347,0.651642574178619,0.3783127811270173,relevance_minus_redundancy,,
3,"f1_w5,f2_w5,f4_w5",0.4431450523344571,0.13051765450461475,0.19344295350245827,0.37788622508214975,relevance_minus_redundancy,,
4,"f1_w5,f3_w5,f8_w5,f2_w5",0.5556650006024557,0.3558358810315165,0.762357045293078,0.37774706008669745,relevance_minus_redundancy,,
4,"f1_w5,f3_w5,f8_w5,f10_w5",0.5360385574292291,0.3175231010641208,0.762357045293078,0.3772770068971687,relevance_minus_redundancy,,
3,"f1_w5,f7_w5,f10_w5",0.4868835730411989,0.2202955314150331,0.5430261077492161,0.37673580733368234,relevance_minus_redundancy,,
4,"f1_w5,f5_w5,f3_w5,f7_w5",0.6658506006073194,0.5790524413494512,0.762357045293078,0.37632437993259377,relevance_minus_redundancy,,
4,"f1_w5,f5_w5,f4_w5,f10_w5",0.48992950062564633,0.2277624134612055,0.7420058000204852,0.3760482938950436,relevance_minus_redundancy,,
4,"f1_w5,f3_w5,f4_w5,f6_w5",0.4891844351015686,0.227452700243453,0.762357045293078,0.3754580849798421,relevance_minus_redundancy,,
4,"f1_w5,f5_w5,f3_w5,f8_w5",0.6614326987737001,0.5719682231740398,0.762357045293078,0.3754485871866802,relevance_minus_redundancy,,
5,"f1_w5,f3_w5,f7_w5,f4_w5,f10_w5",0.47554824529155776,0.20083618044115242,0.762357045293078,0.3751301550709816,relevance_minus_redundancy,,
4,"f5_w5,f3_w5,f8_w5,f4_w5",0.5084610606028407,0.268519798698529,0.651642574178619,0.37420116125357616,relevance_minus_redundancy,,
3,"f5_w5,f3_w5,f7_w5",0.6118668201131481,0.4756418983446427,0.651642574178619,0.37404587094082675,relevance_minus_redundancy,,
5,"f1_w5,f5_w5,f3_w5,f7_w5,f2_w5",0.5898240455872841,0.434184315535595,0.762357045293078,0.3727318878194866,relevance_minus_redundancy,,
3,"f1_w5,f3_w5,f9_w5",0.5647367817182322,0.3845605520989601,0.762357045293078,0.3724565056687521,relevance_minus_redundancy,,
3,"f1_w5,f2_w5,f6_w5",0.44178835285974155,0.14064449297836737,0.19344295350245827,0.3714661063705579,relevance_minus_redundancy,,
5,"f1_w5,f5_w5,f3_w5,f8_w5,f2_w5",0.5862897241203886,0.43143356531156674,0.762357045293078,0.37057294146460523,relevance_minus_redundancy,,
5,"f1_w5,f3_w5,f7_w5,f2_w5,f4_w5",0.49124939983013904,0.24228707828113555,0.762357045293078,0.3701058606895713,relevance_minus_redundancy,,
3,"f5_w5,f3_w5,f8_w5",0.6059762843349891,0.47448756055247315,0.651642574178619,0.36873250405875246,relevance_minus_redundancy,,
3,"f1_w5,f7_w5,f4_w5",0.4897846852385852,0.2424232444167683,0.5430261077492161,0.36857306303020104,relevance_minus_redundancy,,
3,"f5_w5,f3_w5,f2_w5",0.56522718720902,0.39410596635076844,0.651642574178619,0.36817420403363577,relevance_minus_redundancy,,
4,"f1_w5,f3_w5,f2_w5,f6_w5",0.5066350441267554,0.27974306998819315,0.762357045293078,0.36676350913265887,relevance_minus_redundancy,,
3,"f1_w5,f7_w5,f2_w5",0.5130521639388342,0.2932930967115908,0.5430261077492161,0.36640561558303886,relevance_minus_redundancy,,
2,"f1_w5,f8_w5",0.6178835294874416,0.503983812073256,0.503983812073256,0.3658916234508136,relevance_minus_redundancy,,
5,"f1_w5,f3_w5,f8_w5,f2_w5,f4_w5",0.4877150783632437,0.2444704303214093,0.762357045293078,0.365479863202539,relevance_minus_redundancy,,
4,"f5_w5,f3_w5,f2_w5,f4_w5",0.47789923775836385,0.22492281171714937,0.651642574178619,0.3654378318997892,relevance_minus_redundancy,,
5,"f1_w5,f5_w5,f3_w5,f8_w5,f10_w5",0.5705885695818074,0.41062109934231683,0.762357045293078,0.36527801991064895,relevance_minus_redundancy,,
3,"f1_w5,f8_w5,f2_w5",0.5071616281606753,0.2852782670903325,0.503983812073256,0.3645224946155091,relevance_minus_redundancy,,
4,"f5_w5,f3_w5,f7_w5,f10_w5",0.5107031282884201,0.29260727180924756,0.651642574178619,0.3643994923837963,relevance_minus_redundancy,,
4,"f1_w5,f5_w5,f7_w5,f4_w5",0.544535668476969,0.36058103240239187,0.7420058000204852,0.36424515227577303,relevance_minus_redundancy,,
5,"f1_w5,f5_w5,f3_w5,f4_w5,f9_w5",0.5237828705506424,0.3199207158496141,0.762357045293078,0.36382251262583537,relevance_minus_redundancy,,
4,"f1_w5,f3_w5,f6_w5,f10_w5",0.4870086009535289,0.24693644659982975,0.762357045293078,0.363540377653614,relevance_minus_redundancy,,
3,"f1_w5,f8_w5,f4_w5",0.48389414946042625,0.2408436537892685,0.503983812073256,0.363472322565792,relevance_minus_redundancy,,
3,"f3_w5,f7_w5,f2_w5",0.47084322255148886,0.21621972767835662,0.3480993909200779,0.36273335871231055,relevance_minus_redundancy,,
4,"f1_w5,f3_w5,f4_w5,f9_w5",0.47753143364027295,0.23046252656537605,0.762357045293078,0.36230017035758494,relevance_minus_redundancy,,
4,"f1_w5,f5_w5,f8_w5,f4_w5",0.5401177666433498,0.357284987280382,0.7420058000204852,0.36147527300315874,relevance_minus_redundancy,,
4,"f5_w5,f3_w5,f4_w5,f10_w5",0.4582727945851373,0.19596210131743577,0.651642574178619,0.36029174392641944,relevance_minus_redundancy,,
5,"f1_w5,f5_w5,f3_w5,f4_w5,f6_w5",0.5331052717196789,0.34589094381656077,0.762357045293078,0.36015979981139856,relevance_minus_redundancy,,
4,"f1_w5,f5_w5,f7_w5,f2_w5",0.5619862775021558,0.4037657636220469,0.7420058000204852,0.36010339569113237,relevance_minus_redundancy,,
3,"f1_w5,f4_w5,f10_w5",0.4169764614368217,0.1147212077203722,0.13403712741639365,0.3596158575766356,relevance_minus_redundancy,,
4,"f1_w5,f5_w5,f3_w5,f9_w5",0.6007497408367042,0.48233942531343654,0.762357045293078,0.3595800281799859,relevance_minus_redundancy,,
5,"f1_w5,f3_w5,f8_w5,f4_w5,f10_w5",0.4720139238246624,0.22589063689575384,0.762357045293078,0.3590686053767855,relevance_minus_redundancy,,
4,"f1_w5,f5_w5,f8_w5,f2_w5",0.5575683756685366,0.3972520990031578,0.7420058000204852,0.35894232616695765,relevance_minus_redundancy,,
4,"f1_w5,f3_w5,f10_w5,f9_w5",0.4753555994922332,0.2330714184005358,0.762357045293078,0.3588198902919653,relevance_minus_redundancy,,
4,"f1_w5,f5_w5,f7_w5,f10_w5",0.5423598343289292,0.3708923176590808,0.7420058000204852,0.3569136754993888,relevance_minus_redundancy,,
5,"f1_w5,f5_w5,f3_w5,f2_w5,f10_w5",0.5461391113062259,0.3786646102457191,0.762357045293078,0.35680680618336635,relevance_minus_redundancy,,
2,"f5_w5,f10_w5",0.45800033550317837,0.20432795406548496,0.20432795406548496,0.3558363584704359,relevance_minus_redundancy,,
4,"f1_w5,f5_w5,f3_w5,f6_w5",0.6124027422979998,0.513826462470714,0.762357045293078,0.35548951106264287,relevance_minus_redundancy,,
5,"f1_w5,f5_w5,f7_w5,f2_w5,f4_w5",0.49277209988300374,0.27469881933485085,0.7420058000204852,0.3554226902155783,relevance_minus_redundancy,,
4,"f5_w5,f3_w5,f7_w5,f2_w5",0.5303295714616467,0.3501685414651188,0.651642574178619,0.35524530072908733,relevance_minus_redundancy,,
2,"f1_w5,f7_w5",0.6267193331546801,0.5430261077492161,0.5430261077492161,0.35520627928007203,relevance_minus_redundancy,,
5,"f1_w5,f5_w5,f3_w5,f10_w5,f9_w5",0.5220422032322106,0.33431113600524387,0.762357045293078,0.3548866352295887,relevance_minus_redundancy,,
2,"f3_w5,f9_w5",0.43320420153243167,0.15754534709035897,0.15754534709035897,0.3544315279872522,relevance_minus_redundancy,,
5,"f1_w5,f5_w5,f3_w5,f2_w5,f6_w5",0.5470657589398285,0.38791504870675103,0.762357045293078,0.3531082345864529,relevance_minus_redundancy,,
3,"f3_w5,f8_w5,f2_w5",0.46495268677332985,0.22507715844010215,0.3480993909200779,0.3524141075532788,relevance_minus_redundancy,,
5,"f1_w5,f5_w5,f8_w5,f2_w5,f4_w5",0.4892377784161083,0.2742209729428634,0.7420058000204852,0.3521272919446766,relevance_minus_redundancy,,
5,"f5_w5,f3_w5,f7_w5,f2_w5,f4_w5",0.4674467350505965,0.23184367181259985,0.651642574178619,0.3515248991442965,relevance_minus_redundancy,,
5,"f5_w5,f3_w5,f7_w5,f4_w5,f10_w5",0.4517455805120152,0.2017147845738591,0.651642574178619,0.3508881882250856,relevance_minus_redundancy,,
5,"f1_w5,f3_w5,f7_w5,f8_w5,f4_w5",0.5156988581057205,0.3300619515529667,0.8695563059625804,0.3506678823292371,relevance_minus_redundancy,,
4,"f5_w5,f3_w5,f8_w5,f2_w5",0.5259116696280275,0.3520910070377315,0.651642574178619,0.34986616610916177,relevance_minus_redundancy,,
3,"f5_w5,f2_w5,f4_w5",0.40347394436855283,0.10757530668958225,0.18257593395360847,0.3496862910237617,relevance_minus_redundancy,,
3,"f3_w5,f8_w5,f10_w5",0.4387840958756945,0.1789409604721599,0.25959446984943446,0.34931361563961455,relevance_minus_redundancy,,
4,"f3_w5,f7_w5,f4_w5,f10_w5",0.38748482109198895,0.07782777605848765,0.1571495632318938,0.3485709330627451,relevance_minus_redundancy,,
4,"f1_w5,f5_w5,f2_w5,f10_w5",0.5073801096508331,0.3193404548672194,0.7420058000204852,0.34770988221722343,relevance_minus_redundancy,,
5,"f1_w5,f5_w5,f7_w5,f4_w5,f10_w5",0.47707094534442246,0.25938262631185316,0.7420058000204852,0.3473796321884959,relevance_minus_redundancy,,
3,"f1_w5,f4_w5,f6_w5",0.4185208741594925,0.14307388875042884,0.1564170915655615,0.3469839297842781,relevance_minus_redundancy,,
3,"f1_w5,f5_w5,f9_w5",0.5672746151396731,0.44083052843952114,0.7420058000204852,0.3468593509199126,relevance_minus_redundancy,,
5,"f1_w5,f3_w5,f2_w5,f4_w5,f6_w5",0.4484911131826834,0.2042404862345329,0.762357045293078,0.346370870065417,relevance_minus_redundancy,,
5,"f1_w5,f3_w5,f7_w5,f2_w5,f10_w5",0.48950873251170723,0.2865565358997174,0.762357045293078,0.3462304645618485,relevance_minus_redundancy,,
5,"f1_w5,f5_w5,f3_w5,f6_w5,f10_w5",0.5313646044012471,0.37040627668492065,0.762357045293078,0.3461614660587868,relevance_minus_redundancy,,
4,"f1_w5,f5_w5,f4_w5,f9_w5",0.47943480870635374,0.26676553446643886,0.7420058000204852,0.3460520414731343,relevance_minus_redundancy,,
5,"f5_w5,f3_w5,f8_w5,f2_w5,f4_w5",0.46391241358370106,0.23642750353551353,0.651642574178619,0.3456986618159443,relevance_minus_redundancy,,
5,"f1_w5,f5_w5,f3_w5,f2_w5,f9_w5",0.5377433577707919,0.3846395762208988,0.762357045293078,0.3454235696603425,relevance_minus_redundancy,,
4,"f1_w5,f7_w5,f2_w5,f4_w5",0.43876797030572456,0.1880326330384756,0.5430261077492161,0.34475165378648676,relevance_minus_redundancy,,
4,"f1_w5,f5_w5,f2_w5,f6_w5",0.5085384191928363,0.3284971619824725,0.7420058000204852,0.34428983820160003,relevance_minus_redundancy,,
4,"f3_w5,f7_w5,f2_w5,f4_w5",0.4071112642652155,0.13166792480836834,0.3480993909200779,0.34127730186103133,relevance_minus_redundancy,,
4,"f1_w5,f3_w5,f7_w5,f8_w5",0.5906447252805518,0.500799480502495,0.8695563059625804,0.3402449850293043,relevance_minus_redundancy,,
4,"f1_w5,f3_w5,f8_w5,f6_w5",0.5371968669712323,0.39405613584397764,0.762357045293078,0.34016879904924346,relevance_minus_redundancy,,
3,"f1_w5,f5_w5,f8_w5",0.6481852257223345,0.6163618902891989,0.7420058000204852,0.3400042805777351,relevance_minus_redundancy,,
4,"f5_w5,f3_w5,f8_w5,f10_w5",0.5062852264548009,0.3326482447390731,0.651642574178619,0.33996110408526437,relevance_minus_redundancy,,
4,"f1_w5,f7_w5,f4_w5,f10_w5",0.419141527132498,0.15888030798150002,0.5430261077492161,0.33970137314174803,relevance_minus_redundancy,,
4,"f1_w5,f3_w5,f7_w5,f6_w5",0.5416147688048515,0.40388117831660786,0.762357045293078,0.33967417964654756,relevance_minus_redundancy,,
4,"f1_w5,f8_w5,f2_w5,f4_w5",0.43435006847210533,0.18974247219342322,0.503983812073256,0.3394788323753937,relevance_minus_redundancy,,
5,"f1_w5,f3_w5,f7_w5,f8_w5,f10_w5",0.5139581907872887,0.3490756202222387,0.8695563059625804,0.3394203806761693,relevance_minus_redundancy,,
4,"f1_w5,f5_w5,f10_w5,f9_w5",0.477258974558314,0.2771770051047138,0.7420058000204852,0.3386704720059571,relevance_minus_redundancy,,
3,"f1_w5,f10_w5,f9_w5",0.4000824266803786,0.12334058505255929,0.23377926391344342,0.33841213415409893,relevance_minus_redundancy,,
5,"f1_w5,f3_w5,f4_w5,f6_w5,f10_w5",0.43278995864410214,0.18896438675629684,0.762357045293078,0.33830776526595374,relevance_minus_redundancy,,
4,"f1_w5,f3_w5,f2_w5,f10_w5",0.5054767345847523,0.33434897337316566,0.762357045293078,0.33830224789816943,relevance_minus_redundancy,,
3,"f1_w5,f6_w5,f10_w5",0.4156197619621061,0.15489625555429998,0.20629680749542753,0.3381716341849561,relevance_minus_redundancy,,
5,"f1_w5,f3_w5,f7_w5,f4_w5,f6_w5",0.47647489292516026,0.277336712780552,0.762357045293078,0.33780653653488424,relevance_minus_redundancy,,
5,"f1_w5,f3_w5,f7_w5,f8_w5,f2_w5",0.52965934532587,0.38481574920158873,0.8695563059625804,0.33725147072507566,relevance_minus_redundancy,,
4,"f5_w5,f3_w5,f4_w5,f9_w5",0.4477781026658447,0.2211713203087902,0.651642574178619,0.33719244251144964,relevance_minus_redundancy,,
3,"f1_w5,f5_w5,f7_w5",0.6540757615004934,0.6343884884643721,0.7420058000204852,0.33688151726830734,relevance_minus_redundancy,,
3,"f1_w5,f8_w5,f10_w5",0.48099303726303994,0.28851771650820046,0.503983812073256,0.3367341790089397,relevance_minus_redundancy,,
4,"f1_w5,f5_w5,f8_w5,f10_w5",0.53794193249531,0.4024971603974044,0.7420058000204852,0.3366933522966078,relevance_minus_redundancy,,
5,"f1_w5,f3_w5,f4_w5,f10_w5,f9_w5",0.4234675574750657,0.1735673641641403,0.762357045293078,0.33668387539299555,relevance_minus_redundancy,,
4,"f1_w5,f5_w5,f2_w5,f9_w5",0.4968854177315406,0.3211252341211423,0.7420058000204852,0.3363228006709694,relevance_minus_redundancy,,
5,"f1_w5,f3_w5,f8_w5,f4_w5,f6_w5",0.4729405714582649,0.27487203967631996,0.762357045293078,0.33550455162010495,relevance_minus_redundancy,,
4,"f1_w5,f5_w5,f4_w5,f6_w5",0.4910878101676494,0.31196205479625955,0.7420058000204852,0.33510678276951966,relevance_minus_redundancy,,
4,"f1_w5,f3_w5,f2_w5,f9_w5",0.49498204266545975,0.32057748877860665,0.762357045293078,0.33469329827615646,relevance_minus_redundancy,,
5,"f1_w5,f5_w5,f2_w5,f4_w5,f10_w5",0.4490871656019456,0.22983814708776604,0.7420058000204852,0.3341680920580626,relevance_minus_redundancy,,
3,"f3_w5,f4_w5,f10_w5",0.3747675200494764,0.0812416587134549,0.10850436286209991,0.33414669069274894,relevance_minus_redundancy,,
5,"f5_w5,f3_w5,f8_w5,f4_w5,f10_w5",0.4482112590451198,0.22916972071110048,0.651642574178619,0.33362639868956956,relevance_minus_redundancy,,
5,"f1_w5,f5_w5,f3_w5,f7_w5,f8_w5",0.6142735038628655,0.5619674873611344,0.8695563059625804,0.3332897601822983,relevance_minus_redundancy,,
5,"f1_w5,f5_w5,f8_w5,f4_w5,f10_w5",0.47353662387752704,0.2817758843341934,0.7420058000204852,0.3326486817104303,relevance_minus_redundancy,,
3,"f5_w5,f3_w5,f9_w5",0.5250656737523278,0.3852981475512043,0.651642574178619,0.3324165999767257,relevance_minus_redundancy,,
5,"f1_w5,f3_w5,f7_w5,f6_w5,f10_w5",0.47473422560672845,0.2855948726753058,0.762357045293078,0.33193678926907555,relevance_minus_redundancy,,
4,"f3_w5,f8_w5,f2_w5,f4_w5",0.40269336243159626,0.1418138941548179,0.3480993909200779,0.3317864153541873,relevance_minus_redundancy,,
5,"f1_w5,f3_w5,f7_w5,f2_w5,f6_w5",0.49043538014530974,0.3180313077072364,0.762357045293078,0.33141972629169153,relevance_minus_redundancy,,
5,"f1_w5,f3_w5,f8_w5,f2_w5,f10_w5",0.4859744110448118,0.3096804206561913,0.762357045293078,0.3311342007167162,relevance_minus_redundancy,,
5,"f1_w5,f5_w5,f2_w5,f4_w5,f6_w5",0.4500138132355481,0.23839375326956982,0.7420058000204852,0.3308169366007632,relevance_minus_redundancy,,
5,"f1_w5,f3_w5,f2_w5,f4_w5,f10_w5",0.4475644655490809,0.23394244635286446,0.762357045293078,0.3305932423726487,relevance_minus_redundancy,,
3,"f1_w5,f4_w5,f9_w5",0.40298353887776495,0.14526792729112226,0.23377926391344342,0.3303495752322038,relevance_minus_redundancy,,
5,"f1_w5,f3_w5,f8_w5,f2_w5,f6_w5",0.4869010586784143,0.3136360629048768,0.762357045293078,0.33008302722597593,relevance_minus_redundancy,,
5,"f1_w5,f5_w5,f7_w5,f2_w5,f10_w5",0.4910314325645719,0.3236498242353018,0.7420058000204852,0.329206520446921,relevance_minus_redundancy,,
3,"f1_w5,f5_w5,f6_w5",0.5828119504214008,0.5076302168572288,0.7420058000204852,0.3289968419927864,relevance_minus_redundancy,,
5,"f1_w5,f3_w5,f2_w5,f4_w5,f9_w5",0.4391687120136469,0.22166313183620084,0.762357045293078,0.32833714609554643,relevance_minus_redundancy,,
3,"f3_w5,f2_w5,f4_w5",0.40093611094711173,0.14641375288350764,0.3480993909200779,0.3277292345053579,relevance_minus_redundancy,,
5,"f1_w5,f5_w5,f2_w5,f4_w5,f9_w5",0.4406914120665116,0.22689259088019154,0.7420058000204852,0.3272451166264158,relevance_minus_redundancy,,
5,"f5_w5,f3_w5,f7_w5,f8_w5,f4_w5",0.49189619332617796,0.33061647170937586,0.8695563059625804,0.32658795747149005,relevance_minus_redundancy,,
3,"f5_w5,f7_w5,f4_w5",0.4501135772726809,0.2481390530760855,0.6181335576234154,0.32604405073463816,relevance_minus_redundancy,,
4,"f3_w5,f7_w5,f8_w5,f4_w5",0.4376730871096923,0.22620257049962053,0.8695563059625804,0.32457180185988205,relevance_minus_redundancy,,
3,"f3_w5,f4_w5,f6_w5",0.37631193277214714,0.1039683123952283,0.1460685047809008,0.324327776574533,relevance_minus_redundancy,,
5,"f1_w5,f3_w5,f8_w5,f4_w5,f9_w5",0.46361817028922836,0.2806810804528169,0.762357045293078,0.3232776300628199,relevance_minus_redundancy,,
5,"f1_w5,f5_w5,f4_w5,f10_w5,f9_w5",0.4249902575279303,0.2049315280251164,0.7420058000204852,0.3225244935153721,relevance_minus_redundancy,,
5,"f1_w5,f5_w5,f3_w5,f8_w5,f6_w5",0.5715152172154099,0.4985549007022465,0.762357045293078,0.3222377668642866,relevance_minus_redundancy,,
5,"f1_w5,f3_w5,f7_w5,f4_w5,f9_w5",0.4671524917561237,0.2900923207096544,0.7677658786384827,0.3221063314012965,relevance_minus_redundancy,,
4,"f1_w5,f2_w5,f4_w5,f6_w5",0.38532011199640503,0.12646848936930324,0.19344295350245827,0.3220858673117534,relevance_minus_redundancy,,
5,"f1_w5,f5_w5,f3_w5,f7_w5,f6_w5",0.5750495386823052,0.5059536760707807,0.762357045293078,0.3220727006469149,relevance_minus_redundancy,,
5,"f1_w5,f3_w5,f7_w5,f10_w5,f9_w5",0.4654118244376919,0.28822556789167797,0.7677658786384827,0.3212990404918529,relevance_minus_redundancy,,
4,"f5_w5,f3_w5,f4_w5,f6_w5",0.4594311041271404,0.2773487289783482,0.651642574178619,0.32075673963796625,relevance_minus_redundancy,,
5,"f1_w5,f5_w5,f3_w5,f8_w5,f9_w5",0.5621928160463734,0.4836658233912231,0.762357045293078,0.32035990435076184,relevance_minus_redundancy,,
4,"f5_w5,f3_w5,f10_w5,f9_w5",0.445602268517805,0.2504990638705869,0.651642574178619,0.3203527365825115,relevance_minus_redundancy,,
4,"f3_w5,f8_w5,f4_w5,f10_w5",0.3830669192583697,0.12609225276215003,0.25959446984943446,0.3200207928772947,relevance_minus_redundancy,,
5,"f5_w5,f3_w5,f7_w5,f2_w5,f10_w5",0.4657060677321646,0.29214444046716387,0.651642574178619,0.3196338474985827,relevance_minus_redundancy,,
2,"f3_w5,f2_w5",0.4934464717174699,0.3480993909200779,0.3480993909200779,0.31939677625743096,relevance_minus_redundancy,,
4,"f1_w5,f5_w5,f6_w5,f10_w5",0.4889119760196097,0.3392483799557516,0.7420058000204852,0.3192877860417339,relevance_minus_redundancy,,
5,"f1_w5,f3_w5,f8_w5,f6_w5,f10_w5",0.47119990413983304,0.3040707322872739,0.762357045293078,0.3191645379961961,relevance_minus_redundancy,,
3,"f3_w5,f4_w5,f9_w5",0.36077459749041957,0.08420057425644711,0.15754534709035897,0.318674310362196,relevance_minus_redundancy,,
4,"f1_w5,f3_w5,f8_w5,f9_w5",0.5255438655099366,0.41553454659243955,0.762357045293078,0.3177765922137168,relevance_minus_redundancy,,
5,"f1_w5,f3_w5,f2_w5,f6_w5,f10_w5",0.4467504458642516,0.2586949677947966,0.762357045293078,0.3174029619668533,relevance_minus_redundancy,,
3,"f1_w5,f2_w5,f9_w5",0.42625101757801404,0.2184877164560417,0.23377926391344342,0.3170071593499932,relevance_minus_redundancy,,
3,"f5_w5,f8_w5,f4_w5",0.4442230414945219,0.254561061390719,0.6030960587738552,0.3169425107991624,relevance_minus_redundancy,,
5,"f1_w5,f5_w5,f3_w5,f7_w5,f9_w5",0.5657271375132688,0.4980111659123628,0.7677658786384827,0.3167215545570874,relevance_minus_redundancy,,
3,"f5_w5,f7_w5,f2_w5",0.47338105597292995,0.31470657348670733,0.6181335576234154,0.3160277692295763,relevance_minus_redundancy,,
5,"f1_w5,f5_w5,f8_w5,f2_w5,f10_w5",0.4874971110976765,0.34411251055951453,0.7420058000204852,0.31544085581791925,relevance_minus_redundancy,,
4,"f1_w5,f8_w5,f4_w5,f10_w5",0.4147236252988788,0.19870865449366049,0.503983812073256,0.31536929805204855,relevance_minus_redundancy,,
4,"f5_w5,f7_w5,f2_w5,f4_w5",0.40901463933129634,0.18907936744332587,0.6181335576234154,0.3144749556096334,relevance_minus_redundancy,,
3,"f5_w5,f4_w5,f10_w5",0.3773053534709174,0.12951889524281432,0.20432795406548496,0.31254590584951025,relevance_minus_redundancy,,
4,"f1_w5,f7_w5,f2_w5,f10_w5",0.43659213615768483,0.24824249944833743,0.5430261077492161,0.3124708864335161,relevance_minus_redundancy,,
3,"f3_w5,f7_w5,f8_w5",0.511592319677458,0.3984766392998065,0.8695563059625804,0.31235400002755476,relevance_minus_redundancy,,
5,"f1_w5,f3_w5,f8_w5,f10_w5,f9_w5",0.46187750297079655,0.29975486035104054,0.762357045293078,0.3120000727952763,relevance_minus_redundancy,,
4,"f1_w5,f3_w5,f7_w5,f9_w5",0.5299617673435558,0.4369372009860788,0.7677658786384827,0.3114931668505164,relevance_minus_redundancy,,
5,"f5_w5,f3_w5,f7_w5,f8_w5,f2_w5",0.5058566805463274,0.39007956979273767,0.8695563059625804,0.3108168956499585,relevance_minus_redundancy,,
5,"f5_w5,f3_w5,f2_w5,f4_w5,f10_w5",0.42376180076953834,0.22622360354326618,0.651642574178619,0.31064999899790524,relevance_minus_redundancy,,
5,"f5_w5,f3_w5,f4_w5,f10_w5,f9_w5",0.3996648926955231,0.1782279490565462,0.651642574178619,0.31055091816725,relevance_minus_redundancy,,
4,"f5_w5,f3_w5,f2_w5,f10_w5",0.4757234036103241,0.33114423933987647,0.651642574178619,0.3101512839403859,relevance_minus_redundancy,,
3,"f5_w5,f8_w5,f2_w5",0.467490520194771,0.3146933428075823,0.6030960587738552,0.31014384879097984,relevance_minus_redundancy,,
5,"f1_w5,f5_w5,f4_w5,f6_w5,f10_w5",0.43431265869696684,0.24925235860831924,0.7420058000204852,0.30968647939280725,relevance_minus_redundancy,,
3,"f1_w5,f2_w5,f10_w5",0.4402439401370708,0.2623776803879126,0.4917152200593687,0.30905509994311453,relevance_minus_redundancy,,
2,"f7_w5,f10_w5",0.3164243885168817,0.015885618893972313,0.015885618893972313,0.30848157906989554,relevance_minus_redundancy,,
5,"f5_w5,f3_w5,f2_w5,f4_w5,f6_w5",0.42468844840314085,0.23309140152058502,0.651642574178619,0.3081427476428483,relevance_minus_redundancy,,
4,"f5_w5,f3_w5,f2_w5,f6_w5",0.4768817131523272,0.33748793278098793,0.651642574178619,0.30813774676183325,relevance_minus_redundancy,,
5,"f5_w5,f3_w5,f2_w5,f4_w5,f9_w5",0.4153660472341043,0.21500170612736436,0.651642574178619,0.30786519417042213,relevance_minus_redundancy,,
3,"f3_w5,f10_w5,f9_w5",0.35787348529303326,0.10010577786492748,0.15754534709035897,0.3078205963605695,relevance_minus_redundancy,,
3,"f5_w5,f7_w5,f10_w5",0.4472124650752946,0.27944904352762423,0.6181335576234154,0.3074879433114825,relevance_minus_redundancy,,
5,"f5_w5,f3_w5,f7_w5,f8_w5,f10_w5",0.4901555260077461,0.3656614514146301,0.8695563059625804,0.3073248003004311,relevance_minus_redundancy,,
4,"f5_w5,f8_w5,f2_w5,f4_w5",0.4045967374976771,0.1947900060693402,0.6030960587738552,0.307201734463007,relevance_minus_redundancy,,
5,"f1_w5,f3_w5,f8_w5,f2_w5,f9_w5",0.4775786575093778,0.342139859162468,0.762357045293078,0.30650872792814376,relevance_minus_redundancy,,
5,"f1_w5,f5_w5,f7_w5,f8_w5,f4_w5",0.5172215581585852,0.42246323931021995,0.8695563059625804,0.3059899385034752,relevance_minus_redundancy,,
4,"f5_w5,f3_w5,f2_w5,f9_w5",0.4652287116910315,0.3191351165799205,0.651642574178619,0.30566115340107125,relevance_minus_redundancy,,
4,"f1_w5,f3_w5,f6_w5,f9_w5",0.4765139090342363,0.3418960469840057,0.762357045293078,0.3055658855422334,relevance_minus_redundancy,,
3,"f3_w5,f2_w5,f6_w5",0.39957941147239623,0.18874710985602036,0.3480993909200779,0.30520585654438603,relevance_minus_redundancy,,
4,"f5_w5,f3_w5,f7_w5,f8_w5",0.5608913943061236,0.5113836847458849,0.8695563059625804,0.3051995519331811,relevance_minus_redundancy,,
5,"f1_w5,f3_w5,f2_w5,f10_w5,f9_w5",0.43742804469521507,0.26599270068373426,0.762357045293078,0.30443169435334794,relevance_minus_redundancy,,
5,"f1_w5,f3_w5,f7_w5,f2_w5,f9_w5",0.4811129789762732,0.35348167111743306,0.7677658786384827,0.3043721434175567,relevance_minus_redundancy,,
4,"f3_w5,f7_w5,f8_w5,f10_w5",0.4354972529616526,0.26323572825082103,0.8695563059625804,0.3038793888362421,relevance_minus_redundancy,,
5,"f3_w5,f7_w5,f8_w5,f2_w5,f4_w5",0.4072820347891824,0.20712059610911743,0.8695563059625804,0.30372173673462366,relevance_minus_redundancy,,
3,"f5_w5,f3_w5,f6_w5",0.5406030090340553,0.4740596126483864,0.651642574178619,0.3035732027098621,relevance_minus_redundancy,,
5,"f1_w5,f3_w5,f4_w5,f6_w5,f9_w5",0.4243942051086681,0.2419237232268742,0.762357045293078,0.303432343495231,relevance_minus_redundancy,,
5,"f5_w5,f3_w5,f8_w5,f2_w5,f10_w5",0.46217174626526925,0.3176688049062777,0.651642574178619,0.3033373438121304,relevance_minus_redundancy,,
5,"f1_w5,f5_w5,f7_w5,f8_w5,f2_w5",0.5311820453787346,0.4557638794237257,0.8695563059625804,0.3033001056668717,relevance_minus_redundancy,,
5,"f1_w5,f5_w5,f3_w5,f6_w5,f9_w5",0.5229688508658131,0.4416198936473412,0.762357045293078,0.3021589040421425,relevance_minus_redundancy,,
4,"f3_w5,f7_w5,f8_w5,f2_w5",0.45512369613487913,0.30755792889964645,0.8695563059625804,0.30134473168505593,relevance_minus_redundancy,,
5,"f1_w5,f5_w5,f2_w5,f10_w5,f9_w5",0.4389507447480797,0.27590370700959416,0.7420058000204852,0.3009988912432826,relevance_minus_redundancy,,
5,"f1_w5,f7_w5,f2_w5,f4_w5,f10_w5",0.39245678680742696,0.18459231329289177,0.5430261077492161,0.30016063016098105,relevance_minus_redundancy,,
4,"f5_w5,f7_w5,f4_w5,f10_w5",0.3893881961580698,0.17879706005508764,0.6181335576234154,0.29998966613052597,relevance_minus_redundancy,,
4,"f3_w5,f7_w5,f2_w5,f10_w5",0.40493543011717575,0.2107940641417518,0.4917152200593687,0.29953839804629984,relevance_minus_redundancy,,
5,"f1_w5,f5_w5,f2_w5,f6_w5,f10_w5",0.44827314591711626,0.2975297821117027,0.7420058000204852,0.29950825486126487,relevance_minus_redundancy,,
5,"f3_w5,f7_w5,f8_w5,f4_w5,f10_w5",0.39158088025060117,0.1849351502746042,0.8695563059625804,0.2991133051132991,relevance_minus_redundancy,,
5,"f1_w5,f3_w5,f6_w5,f10_w5,f9_w5",0.4226535377902364,0.2502419943505796,0.762357045293078,0.2975325406149466,relevance_minus_redundancy,,
4,"f1_w5,f4_w5,f10_w5,f9_w5",0.35404066736188283,0.11336631687673553,0.23377926391344342,0.2973575089235151,relevance_minus_redundancy,,
5,"f5_w5,f3_w5,f7_w5,f4_w5,f9_w5",0.44334982697658115,0.29202834194312277,0.7677658786384827,0.29733565600501977,relevance_minus_redundancy,,
5,"f5_w5,f3_w5,f8_w5,f4_w5,f9_w5",0.4398155055096858,0.2850175813689253,0.6668177624795553,0.29730671482522314,relevance_minus_redundancy,,
4,"f1_w5,f2_w5,f4_w5,f9_w5",0.37366711053510937,0.15359342498717346,0.23377926391344342,0.29687039804152265,relevance_minus_redundancy,,
3,"f3_w5,f6_w5,f10_w5",0.37341082057476077,0.15362322504614276,0.20629680749542753,0.2965992080516894,relevance_minus_redundancy,,
2,"f7_w5,f4_w5",0.32077605681296123,0.05020649808469508,0.05020649808469508,0.29567280777061367,relevance_minus_redundancy,,
4,"f5_w5,f3_w5,f6_w5,f10_w5",0.45725526997910065,0.3235513270613619,0.651642574178619,0.2954796064484197,relevance_minus_redundancy,,
5,"f1_w5,f7_w5,f8_w5,f2_w5,f4_w5",0.43260739962158967,0.2744653973840129,0.8695563059625804,0.29537470092958323,relevance_minus_redundancy,,
5,"f5_w5,f3_w5,f7_w5,f4_w5,f6_w5",0.4526722281456177,0.31478507500890907,0.658268757278997,0.29527969064116316,relevance_minus_redundancy,,
5,"f1_w5,f5_w5,f7_w5,f2_w5,f6_w5",0.4919580801981744,0.3933821623429562,0.7420058000204852,0.2952669990266963,relevance_minus_redundancy,,
5,"f1_w5,f5_w5,f8_w5,f2_w5,f6_w5",0.488423758731279,0.3863257191083354,0.7420058000204852,0.2952608991771113,relevance_minus_redundancy,,
4,"f1_w5,f4_w5,f6_w5,f10_w5",0.3656936688231785,0.14094082824857282,0.20629680749542753,0.2952232546988921,relevance_minus_redundancy,,
5,"f5_w5,f3_w5,f4_w5,f6_w5,f10_w5",0.40898729386455956,0.22913731264359138,0.651642574178619,0.2944186375427639,relevance_minus_redundancy,,
5,"f1_w5,f3_w5,f2_w5,f6_w5,f9_w5",0.4383546923288176,0.2893232992145876,0.762357045293078,0.29369304272152374,relevance_minus_redundancy,,
4,"f1_w5,f2_w5,f4_w5,f10_w5",0.38416180245440196,0.1822324465529893,0.4917152200593687,0.2930455791779073,relevance_minus_redundancy,,
5,"f1_w5,f5_w5,f7_w5,f8_w5,f10_w5",0.5154808908401534,0.4461584552613612,0.8695563059625804,0.29240166320947275,relevance_minus_redundancy,,
5,"f1_w5,f5_w5,f8_w5,f4_w5,f9_w5",0.46514087034209306,0.3459000862003455,0.7420058000204852,0.2921908272419203,relevance_minus_redundancy,,
5,"f5_w5,f3_w5,f8_w5,f4_w5,f6_w5",0.44913790667872233,0.314720881587317,0.651642574178619,0.2917774658850638,relevance_minus_redundancy,,
5,"f3_w5,f7_w5,f2_w5,f4_w5,f10_w5",0.3671314219750197,0.15142643788084628,0.4917152200593687,0.29141820303459653,relevance_minus_redundancy,,
5,"f1_w5,f5_w5,f7_w5,f4_w5,f6_w5",0.47799759297802497,0.37414072495138806,0.7420058000204852,0.29092723050233094,relevance_minus_redundancy,,
4,"f1_w5,f8_w5,f2_w5,f6_w5",0.4333325438660687,0.285185273224961,0.6267863126461246,0.29073990725358817,relevance_minus_redundancy,,
4,"f1_w5,f7_w5,f2_w5,f6_w5",0.4377504456996879,0.2944397621410689,0.658268757278997,0.2905305646291535,relevance_minus_redundancy,,
4,"f3_w5,f7_w5,f4_w5,f6_w5",0.38864313063399203,0.1962549592968785,0.658268757278997,0.29051565098555276,relevance_minus_redundancy,,
5,"f1_w5,f5_w5,f8_w5,f4_w5,f6_w5",0.47446327151112955,0.36901485341489487,0.7420058000204852,0.2899558448036821,relevance_minus_redundancy,,
4,"f1_w5,f8_w5,f2_w5,f10_w5",0.4321742343240656,0.2848532264636186,0.503983812073256,0.28974762109225627,relevance_minus_redundancy,,
5,"f1_w5,f5_w5,f7_w5,f4_w5,f9_w5",0.4686751918089884,0.3579725248894442,0.7677658786384827,0.2896889293642663,relevance_minus_redundancy,,
5,"f5_w5,f3_w5,f7_w5,f10_w5,f9_w5",0.44160915965814934,0.30619290016112855,0.7677658786384827,0.28851270957758507,relevance_minus_redundancy,,
4,"f3_w5,f2_w5,f4_w5,f6_w5",0.353663405955896,0.1326917740946396,0.3480993909200779,0.2873175189085762,relevance_minus_redundancy,,
4,"f1_w5,f7_w5,f8_w5,f4_w5",0.4693297931502014,0.3642199788607161,0.8695563059625804,0.28721980371984335,relevance_minus_redundancy,,
5,"f1_w5,f5_w5,f7_w5,f10_w5,f9_w5",0.4669345244905566,0.36078731935333697,0.7677658786384827,0.28654086481388813,relevance_minus_redundancy,,
5,"f5_w5,f3_w5,f7_w5,f2_w5,f6_w5",0.4666327153657671,0.36018897037033326,0.658268757278997,0.2865382301806005,relevance_minus_redundancy,,
5,"f1_w5,f5_w5,f8_w5,f2_w5,f9_w5",0.4791013575622425,0.38590570737488034,0.7420058000204852,0.2861485038748023,relevance_minus_redundancy,,
3,"f3_w5,f7_w5,f6_w5",0.4462190443765242,0.3204956084305972,0.658268757278997,0.2859712401612256,relevance_minus_redundancy,,
4,"f1_w5,f7_w5,f8_w5,f2_w5",0.4867804021753882,0.4019712406443154,0.8695563059625804,0.2857947818532305,relevance_minus_redundancy,,
1,f2_w5,0.28571782550714275,0.0,0.0,0.28571782550714275,relevance_minus_redundancy,,
5,"f1_w5,f7_w5,f2_w5,f4_w5,f6_w5",0.3933834344410294,0.2153722528211826,0.658268757278997,0.28569730803043814,relevance_minus_redundancy,,
5,"f1_w5,f3_w5,f7_w5,f8_w5,f6_w5",0.5148848384208912,0.45923375492865526,0.8695563059625804,0.28526796095656354,relevance_minus_redundancy,,
4,"f3_w5,f8_w5,f4_w5,f6_w5",0.3842252288003728,0.1986542200691518,0.6267863126461246,0.2848981187657969,relevance_minus_redundancy,,
5,"f5_w5,f3_w5,f8_w5,f2_w5,f6_w5",0.46309839389887175,0.35819420525061363,0.651642574178619,0.28400129127356494,relevance_minus_redundancy,,
2,"f7_w5,f2_w5",0.35567727486333484,0.14341022888309812,0.14341022888309812,0.28397216042178575,relevance_minus_redundancy,,
5,"f1_w5,f8_w5,f2_w5,f4_w5,f10_w5",0.38892246534053154,0.20998910188140654,0.503983812073256,0.2839279143998283,relevance_minus_redundancy,,
3,"f3_w5,f8_w5,f6_w5",0.44032850859836525,0.31385962204399026,0.6267863126461246,0.28339869757637015,relevance_minus_redundancy,,
5,"f1_w5,f7_w5,f8_w5,f4_w5,f10_w5",0.4169062450830084,0.2670926457652426,0.8695563059625804,0.2833599222003871,relevance_minus_redundancy,,
5,"f1_w5,f8_w5,f2_w5,f4_w5,f6_w5",0.38984911297413405,0.2132499118508639,0.6267863126461246,0.2832241570487021,relevance_minus_redundancy,,
5,"f1_w5,f5_w5,f7_w5,f6_w5,f10_w5",0.47625692565959304,0.387080432128011,0.7420058000204852,0.28271670959558753,relevance_minus_redundancy,,
5,"f1_w5,f5_w5,f7_w5,f2_w5,f9_w5",0.48263567902913784,0.39990871776210657,0.7677658786384827,0.28268132014808456,relevance_minus_redundancy,,
3,"f5_w5,f4_w5,f9_w5",0.36331243091186066,0.1635903384827702,0.3467065213846349,0.2815172616704756,relevance_minus_redundancy,,
5,"f5_w5,f3_w5,f7_w5,f6_w5,f10_w5",0.4509315608271859,0.33907454593964503,0.658268757278997,0.28139428785736337,relevance_minus_redundancy,,
4,"f1_w5,f2_w5,f6_w5,f10_w5",0.3831442778483653,0.2036533956819682,0.4917152200593687,0.2813175800073812,relevance_minus_redundancy,,
4,"f3_w5,f4_w5,f10_w5,f9_w5",0.3223839613213738,0.08392088956942949,0.15754534709035897,0.2804235165366591,relevance_minus_redundancy,,
4,"f1_w5,f7_w5,f4_w5,f6_w5",0.4202998366745011,0.28012050489403245,0.658268757278997,0.28023958422748485,relevance_minus_redundancy,,
4,"f5_w5,f3_w5,f8_w5,f9_w5",0.49579053453550836,0.43242205210199475,0.6668177624795553,0.27957950848451096,relevance_minus_redundancy,,
4,"f3_w5,f7_w5,f2_w5,f6_w5",0.40609373965917883,0.2541783131603417,0.658268757278997,0.279004583079008,relevance_minus_redundancy,,
4,"f1_w5,f8_w5,f4_w5,f6_w5",0.4158819348408819,0.2740836354748038,0.6267863126461246,0.27884011710348,relevance_minus_redundancy,,
4,"f3_w5,f7_w5,f6_w5,f10_w5",0.3864672964859523,0.21536226909054854,0.658268757278997,0.278786161940678,relevance_minus_redundancy,,
5,"f1_w5,f5_w5,f8_w5,f10_w5,f9_w5",0.4634002030236612,0.36965541338043834,0.7420058000204852,0.27857249633344205,relevance_minus_redundancy,,
5,"f5_w5,f3_w5,f8_w5,f2_w5,f9_w5",0.4537759927298352,0.3511856605133161,0.6668177624795553,0.27818316247317715,relevance_minus_redundancy,,
5,"f5_w5,f3_w5,f8_w5,f10_w5,f9_w5",0.4380748381912539,0.32012267230313113,0.6668177624795553,0.27801350203968833,relevance_minus_redundancy,,
4,"f1_w5,f7_w5,f6_w5,f10_w5",0.41812400252646137,0.2803115417641809,0.658268757278997,0.2779682316443709,relevance_minus_redundancy,,
5,"f3_w5,f7_w5,f2_w5,f4_w5,f6_w5",0.36805806960862214,0.18051856920465215,0.658268757278997,0.27779878500629607,relevance_minus_redundancy,,
5,"f5_w5,f3_w5,f7_w5,f2_w5,f9_w5",0.4573103141967306,0.36012699278564125,0.7677658786384827,0.27724681780391003,relevance_minus_redundancy,,
4,"f1_w5,f7_w5,f8_w5,f10_w5",0.46715395900216167,0.38233686368839503,0.8695563059625804,0.27598552715796415,relevance_minus_redundancy,,
5,"f5_w5,f3_w5,f2_w5,f10_w5,f9_w5",0.41362537991567255,0.27536258601088,0.651642574178619,0.27594408691023253,relevance_minus_redundancy,,
4,"f5_w5,f3_w5,f7_w5,f9_w5",0.5002084363691276,0.4498239070245675,0.7677658786384827,0.2752964828568438,relevance_minus_redundancy,,
4,"f3_w5,f8_w5,f2_w5,f6_w5",0.4016758378255596,0.2533599544357357,0.6267863126461246,0.27499586060769177,relevance_minus_redundancy,,
4,"f3_w5,f8_w5,f4_w5,f9_w5",0.37257222733907713,0.19544225930533296,0.6668177624795553,0.27485109768641064,relevance_minus_redundancy,,
4,"f3_w5,f7_w5,f4_w5,f9_w5",0.37699012917269636,0.20462061045406885,0.7677658786384827,0.2746798239456619,relevance_minus_redundancy,,
4,"f5_w5,f3_w5,f7_w5,f6_w5",0.5118614378304233,0.4759551193465776,0.658268757278997,0.27388387815713444,relevance_minus_redundancy,,
4,"f5_w5,f8_w5,f4_w5,f10_w5",0.38497029432445057,0.22262620603831473,0.6030960587738552,0.2736571913052932,relevance_minus_redundancy,,
4,"f3_w5,f4_w5,f6_w5,f10_w5",0.3340369627826695,0.12247628928100407,0.20629680749542753,0.27279881814216744,relevance_minus_redundancy,,
5,"f3_w5,f8_w5,f2_w5,f4_w5,f6_w5",0.3645237481417268,0.18345790634923465,0.6267863126461246,0.27279479496710946,relevance_minus_redundancy,,
5,"f3_w5,f8_w5,f2_w5,f4_w5,f10_w5",0.3635971005081243,0.18188490458426224,0.4917152200593687,0.2726546482159932,relevance_minus_redundancy,,
4,"f3_w5,f8_w5,f2_w5,f10_w5",0.4005175282835565,0.2558409213485349,0.4917152200593687,0.27259706760928903,relevance_minus_redundancy,,
4,"f5_w5,f3_w5,f8_w5,f6_w5",0.507443535996804,0.47013087634501405,0.651642574178619,0.272378097824297,relevance_minus_redundancy,,
5,"f1_w5,f7_w5,f4_w5,f6_w5,f10_w5",0.3776822799024482,0.21130319514983179,0.658268757278997,0.2720306823275323,relevance_minus_redundancy,,
5,"f3_w5,f7_w5,f4_w5,f6_w5,f10_w5",0.3523569150700409,0.16163681731755825,0.658268757278997,0.27153850641126176,relevance_minus_redundancy,,
4,"f3_w5,f7_w5,f10_w5,f9_w5",0.37481429502465663,0.20685306572652187,0.7677658786384827,0.2713877621613957,relevance_minus_redundancy,,
5,"f1_w5,f5_w5,f8_w5,f6_w5,f10_w5",0.4727226041926976,0.402895093307718,0.7420058000204852,0.2712750575388386,relevance_minus_redundancy,,
5,"f5_w5,f3_w5,f2_w5,f6_w5,f10_w5",0.422947781084709,0.30357719411683093,0.651642574178619,0.2711591840262935,relevance_minus_redundancy,,
5,"f1_w5,f5_w5,f2_w5,f6_w5,f9_w5",0.4398773923816822,0.3374918718405828,0.7420058000204852,0.2711314564613908,relevance_minus_redundancy,,
5,"f5_w5,f7_w5,f2_w5,f4_w5,f10_w5",0.3686541220278844,0.19545566258215935,0.6181335576234154,0.27092629073680474,relevance_minus_redundancy,,
5,"f1_w5,f5_w5,f4_w5,f6_w5,f9_w5",0.4259169051615328,0.31154545338798567,0.7420058000204852,0.27014417846753996,relevance_minus_redundancy,,
2,"f8_w5,f4_w5",0.31194025314572277,0.08451002187815577,0.08451002187815577,0.26968524220664486,relevance_minus_redundancy,,
5,"f3_w5,f7_w5,f8_w5,f2_w5,f10_w5",0.40554136747075054,0.27210472450627543,0.8695563059625804,0.2694890052176128,relevance_minus_redundancy,,
4,"f1_w5,f5_w5,f8_w5,f9_w5",0.5274472405760174,0.5160648697742051,0.7420058000204852,0.2694148056889149,relevance_minus_redundancy,,
4,"f1_w5,f5_w5,f7_w5,f8_w5",0.5925481003466326,0.6466336070338013,0.8695563059625804,0.26923129682973196,relevance_minus_redundancy,,
4,"f5_w5,f7_w5,f2_w5,f10_w5",0.4068388051832566,0.27600808557982465,0.6181335576234154,0.26883476239334425,relevance_minus_redundancy,,
5,"f3_w5,f7_w5,f4_w5,f10_w5,f9_w5",0.34303451390100437,0.14945328962656207,0.7677658786384827,0.2683078690877233,relevance_minus_redundancy,,
3,"f1_w5,f8_w5,f6_w5",0.4825374499857107,0.4290624054283141,0.6267863126461246,0.26800624727155364,relevance_minus_redundancy,,
4,"f1_w5,f5_w5,f8_w5,f6_w5",0.539100242037313,0.542792805677487,0.7420058000204852,0.2677038391985695,relevance_minus_redundancy,,
2,"f8_w5,f2_w5",0.3468414711960964,0.1584080356952833,0.1584080356952833,0.26763745334845473,relevance_minus_redundancy,,
4,"f3_w5,f2_w5,f4_w5,f9_w5",0.34201040449460035,0.1488358213727725,0.3480993909200779,0.2675924938082141,relevance_minus_redundancy,,
5,"f5_w5,f3_w5,f8_w5,f6_w5,f10_w5",0.44739723936029047,0.3599508852342531,0.651642574178619,0.2674217967431639,relevance_minus_redundancy,,
5,"f1_w5,f7_w5,f8_w5,f2_w5,f10_w5",0.4308667323031578,0.3280997620270578,0.8695563059625804,0.2668168512896289,relevance_minus_redundancy,,
5,"f1_w5,f2_w5,f4_w5,f6_w5,f10_w5",0.34969850015997134,0.16669494595153386,0.4917152200593687,0.2663510271842044,relevance_minus_redundancy,,
5,"f5_w5,f7_w5,f8_w5,f2_w5,f4_w5",0.40880473484204705,0.285004662696983,0.8695563059625804,0.26630240349355555,relevance_minus_redundancy,,
3,"f7_w5,f2_w5,f4_w5",0.30908997971102176,0.08589653652092849,0.14341022888309812,0.26614171145055754,relevance_minus_redundancy,,
5,"f1_w5,f7_w5,f4_w5,f10_w5,f9_w5",0.36835987873341164,0.20570820046267793,0.7677658786384827,0.2655057785020727,relevance_minus_redundancy,,
4,"f1_w5,f7_w5,f10_w5,f9_w5",0.4064710010651657,0.2827832267398915,0.7677658786384827,0.26507938769522,relevance_minus_redundancy,,
4,"f1_w5,f5_w5,f7_w5,f6_w5",0.5435181438709322,0.5570531788705524,0.7420058000204852,0.26499155443565603,relevance_minus_redundancy,,
4,"f1_w5,f2_w5,f10_w5,f9_w5",0.37149127638706964,0.2139034767786214,0.4917152200593687,0.2645395379977589,relevance_minus_redundancy,,
5,"f1_w5,f3_w5,f7_w5,f8_w5,f9_w5",0.5055624372518547,0.483070513513681,0.8695563059625804,0.26402718049501417,relevance_minus_redundancy,,
5,"f1_w5,f8_w5,f2_w5,f4_w5,f9_w5",0.3805267118050975,0.23352801820492913,0.6668177624795553,0.2637627027026329,relevance_minus_redundancy,,
2,"f5_w5,f9_w5",0.43701095166459325,0.3467065213846349,0.3467065213846349,0.26365769097227576,relevance_minus_redundancy,,
3,"f5_w5,f8_w5,f10_w5",0.4413219292971356,0.3556728275629249,0.6030960587738552,0.2634855155156731,relevance_minus_redundancy,,
4,"f5_w5,f2_w5,f4_w5,f9_w5",0.34391377956068114,0.16094346065818912,0.3467065213846349,0.2634420492315866,relevance_minus_redundancy,,
4,"f1_w5,f8_w5,f4_w5,f9_w5",0.4042289333795862,0.2818525630507223,0.6668177624795553,0.2633026518542251,relevance_minus_redundancy,,
3,"f5_w5,f10_w5,f9_w5",0.36041131871447435,0.19510069969748112,0.3467065213846349,0.2628609688657338,relevance_minus_redundancy,,
5,"f1_w5,f7_w5,f2_w5,f4_w5,f9_w5",0.38406103327199287,0.24259692632785326,0.7677658786384827,0.26276257010806625,relevance_minus_redundancy,,
5,"f1_w5,f7_w5,f2_w5,f6_w5,f10_w5",0.3916427671225976,0.2582511086897093,0.658268757278997,0.262517212777743,relevance_minus_redundancy,,
3,"f1_w5,f7_w5,f6_w5",0.48842798576386964,0.45257065219792486,0.658268757278997,0.26214265966490724,relevance_minus_redundancy,,
5,"f1_w5,f3_w5,f8_w5,f6_w5,f9_w5",0.46280415060439906,0.40176882178079154,0.762357045293078,0.2619197397140033,relevance_minus_redundancy,,
5,"f1_w5,f5_w5,f6_w5,f10_w5,f9_w5",0.424176237843101,0.3245452717935603,0.7420058000204852,0.26190360194632084,relevance_minus_redundancy,,
3,"f3_w5,f2_w5,f9_w5",0.38404207619066866,0.2446285566542201,0.3480993909200779,0.2617277978635586,relevance_minus_redundancy,,
4,"f1_w5,f5_w5,f7_w5,f9_w5",0.5318651424096367,0.5419028548882796,0.7677658786384827,0.26091371496549687,relevance_minus_redundancy,,
4,"f5_w5,f2_w5,f4_w5,f10_w5",0.35440847147997373,0.1878201203894021,0.4917152200593687,0.2604984112852727,relevance_minus_redundancy,,
3,"f5_w5,f2_w5,f9_w5",0.3865799096121097,0.2525077957634889,0.3467065213846349,0.26032601173036524,relevance_minus_redundancy,,
3,"f3_w5,f8_w5,f9_w5",0.4247911733166377,0.3310290527582865,0.6668177624795553,0.2592766469374944,relevance_minus_redundancy,,
4,"f1_w5,f8_w5,f6_w5,f10_w5",0.41370610069284214,0.30917556020528586,0.6267863126461246,0.25911832059019924,relevance_minus_redundancy,,
4,"f5_w5,f2_w5,f4_w5,f6_w5",0.3555667810219768,0.1930057600318,0.6244677589856393,0.2590639010060768,relevance_minus_redundancy,,
5,"f5_w5,f3_w5,f4_w5,f6_w5,f9_w5",0.40059154032912553,0.2831540662149304,0.651642574178619,0.2590145072216603,relevance_minus_redundancy,,
4,"f1_w5,f7_w5,f4_w5,f9_w5",0.40864683521320544,0.2994670443909601,0.7677658786384827,0.25891331301772536,relevance_minus_redundancy,,
5,"f3_w5,f7_w5,f2_w5,f4_w5,f9_w5",0.3587356684395856,0.20115470970748048,0.7677658786384827,0.25815831358584534,relevance_minus_redundancy,,
2,"f5_w5,f7_w5",0.5672126712058236,0.6181335576234154,0.6181335576234154,0.25814589239411595,relevance_minus_redundancy,,
5,"f1_w5,f8_w5,f4_w5,f6_w5,f10_w5",0.3741479584355528,0.23205195859384076,0.6267863126461246,0.25812197913863244,relevance_minus_redundancy,,
5,"f1_w5,f2_w5,f4_w5,f10_w5,f9_w5",0.3403760989909348,0.1657669889369456,0.4917152200593687,0.257492604522462,relevance_minus_redundancy,,
5,"f1_w5,f3_w5,f7_w5,f6_w5,f9_w5",0.4663384720712944,0.4177586588802623,0.7677658786384827,0.25745914263116326,relevance_minus_redundancy,,
4,"f3_w5,f2_w5,f4_w5,f10_w5",0.35250509641389294,0.19126874495246726,0.4917152200593687,0.2568707239376593,relevance_minus_redundancy,,
2,"f5_w5,f8_w5",0.5583768675385852,0.6030960587738552,0.6030960587738552,0.2568288381516576,relevance_minus_redundancy,,
5,"f3_w5,f8_w5,f2_w5,f4_w5,f9_w5",0.35520134697269024,0.19714747969945748,0.6668177624795553,0.2566276071229615,relevance_minus_redundancy,,
4,"f1_w5,f8_w5,f2_w5,f9_w5",0.421679542404773,0.33077879326936993,0.6668177624795553,0.256290145770088,relevance_minus_redundancy,,
4,"f3_w5,f8_w5,f6_w5,f10_w5",0.38204939465233306,0.2526624177231554,0.6267863126461246,0.25571818579075534,relevance_minus_redundancy,,
3,"f5_w5,f2_w5,f6_w5",0.40211724489383727,0.2930390422687767,0.6244677589856393,0.2555977237594489,relevance_minus_redundancy,,
5,"f3_w5,f8_w5,f4_w5,f10_w5,f9_w5",0.339500192434109,0.16831716403286678,0.6668177624795553,0.2553416104176756,relevance_minus_redundancy,,
5,"f3_w5,f8_w5,f4_w5,f6_w5,f10_w5",0.34882259360314555,0.18744725887646846,0.6267863126461246,0.2550989641649113,relevance_minus_redundancy,,
5,"f1_w5,f8_w5,f4_w5,f10_w5,f9_w5",0.3648255572665163,0.2195103967540814,0.6668177624795553,0.2550703588894756,relevance_minus_redundancy,,
4,"f5_w5,f4_w5,f10_w5,f9_w5",0.3242873363874546,0.13958637021648854,0.3467065213846349,0.2544941512792103,relevance_minus_redundancy,,
3,"f5_w5,f2_w5,f10_w5",0.4005728321711665,0.29287303602615405,0.4917152200593687,0.25413631415808946,relevance_minus_redundancy,,
4,"f3_w5,f8_w5,f10_w5,f9_w5",0.3703963931910374,0.2325756024381196,0.6668177624795553,0.2541085919719776,relevance_minus_redundancy,,
3,"f7_w5,f4_w5,f10_w5",0.2829213888133863,0.05808124837382647,0.10815162814281203,0.2538807646264731,relevance_minus_redundancy,,
4,"f1_w5,f5_w5,f6_w5,f9_w5",0.4784172841003171,0.44976424418840927,0.7420058000204852,0.2535351620061125,relevance_minus_redundancy,,
5,"f5_w5,f8_w5,f2_w5,f4_w5,f10_w5",0.36511980056098897,0.22325293085331407,0.6030960587738552,0.2534933351343319,relevance_minus_redundancy,,
3,"f8_w5,f2_w5,f4_w5",0.30319944393286274,0.10233031338947712,0.1584080356952833,0.25203428723812416,relevance_minus_redundancy,,
4,"f1_w5,f8_w5,f10_w5,f9_w5",0.4020530992315465,0.30006963325998726,0.6668177624795553,0.25201828260155285,relevance_minus_redundancy,,
4,"f1_w5,f7_w5,f2_w5,f9_w5",0.42609744423839224,0.35161089410648705,0.7677658786384827,0.2502919971851487,relevance_minus_redundancy,,
3,"f3_w5,f7_w5,f9_w5",0.4306817090947967,0.3608202629869118,0.7677658786384827,0.2502715776013408,relevance_minus_redundancy,,
5,"f1_w5,f8_w5,f2_w5,f6_w5,f10_w5",0.38810844565570224,0.27706930043559075,0.6267863126461246,0.24957379543790686,relevance_minus_redundancy,,
4,"f1_w5,f2_w5,f6_w5,f9_w5",0.3726495859290727,0.2465271173435767,0.5952090292606915,0.24938602725728437,relevance_minus_redundancy,,
5,"f3_w5,f7_w5,f2_w5,f6_w5,f10_w5",0.3663174022901904,0.23474718882729184,0.658268757278997,0.24894380787654447,relevance_minus_redundancy,,
5,"f5_w5,f7_w5,f8_w5,f4_w5,f10_w5",0.3931035803034658,0.28895392167945516,0.8695563059625804,0.24862661946373824,relevance_minus_redundancy,,
4,"f5_w5,f7_w5,f8_w5,f4_w5",0.4395764621757732,0.38359659097380794,0.8695563059625804,0.2477781666888692,relevance_minus_redundancy,,
5,"f1_w5,f2_w5,f4_w5,f6_w5,f9_w5",0.34130274662453725,0.18840275518857075,0.5952090292606915,0.24710136903025187,relevance_minus_redundancy,,
5,"f5_w5,f3_w5,f2_w5,f6_w5,f9_w5",0.414552027549275,0.3352629426373837,0.651642574178619,0.24692055623058315,relevance_minus_redundancy,,
5,"f3_w5,f7_w5,f8_w5,f4_w5,f6_w5",0.3925075278842036,0.29271064449730766,0.8695563059625804,0.2461522056355498,relevance_minus_redundancy,,
4,"f3_w5,f8_w5,f2_w5,f9_w5",0.39002283636426394,0.2879725861404074,0.6668177624795553,0.24603654329406024,relevance_minus_redundancy,,
5,"f5_w5,f3_w5,f6_w5,f10_w5,f9_w5",0.3988508730106938,0.30750364837461797,0.651642574178619,0.2450990488233848,relevance_minus_redundancy,,
4,"f1_w5,f4_w5,f6_w5,f9_w5",0.3551989769038859,0.22103289166149187,0.5952090292606915,0.24468253107313997,relevance_minus_redundancy,,
5,"f1_w5,f7_w5,f2_w5,f10_w5,f9_w5",0.3823203659535611,0.27535086948364973,0.7677658786384827,0.24464493121173625,relevance_minus_redundancy,,
4,"f3_w5,f7_w5,f2_w5,f9_w5",0.39444073819788317,0.3003685567860225,0.7677658786384827,0.24425645980487193,relevance_minus_redundancy,,
4,"f5_w5,f8_w5,f2_w5,f10_w5",0.40242090334963737,0.31661961206617256,0.6030960587738552,0.2441110973165511,relevance_minus_redundancy,,
4,"f5_w5,f7_w5,f8_w5,f2_w5",0.45702707120096,0.4291966868153068,0.8695563059625804,0.24242872779330657,relevance_minus_redundancy,,
4,"f1_w5,f6_w5,f10_w5,f9_w5",0.3530231427558461,0.2213241139132264,0.5952090292606915,0.24236108579923293,relevance_minus_redundancy,,
3,"f3_w5,f2_w5,f10_w5",0.3980349987497254,0.31610632461384885,0.4917152200593687,0.239981836442801,relevance_minus_redundancy,,
5,"f3_w5,f7_w5,f8_w5,f2_w5,f6_w5",0.40646801510435304,0.33485445819709836,0.8695563059625804,0.23904078600580386,relevance_minus_redundancy,,
3,"f5_w5,f4_w5,f6_w5",0.3788497661935882,0.2797707699250389,0.6244677589856393,0.23896438123106872,relevance_minus_redundancy,,
5,"f3_w5,f2_w5,f4_w5,f6_w5,f10_w5",0.3243731353275641,0.17108186631275457,0.4917152200593687,0.23883220217118684,relevance_minus_redundancy,,
5,"f5_w5,f7_w5,f2_w5,f4_w5,f6_w5",0.36958076966148684,0.26280536020610057,0.658268757278997,0.23817808955843656,relevance_minus_redundancy,,
3,"f1_w5,f6_w5,f9_w5",0.40162683940304933,0.3284684615798988,0.5952090292606915,0.23739260861309994,relevance_minus_redundancy,,
4,"f3_w5,f2_w5,f6_w5,f10_w5",0.3514875718078563,0.22879295333082617,0.4917152200593687,0.2370910951424432,relevance_minus_redundancy,,
5,"f1_w5,f4_w5,f6_w5,f10_w5,f9_w5",0.325601592085956,0.17768882768514255,0.5952090292606915,0.23675717824338474,relevance_minus_redundancy,,
4,"f5_w5,f3_w5,f6_w5,f9_w5",0.44676057805980807,0.4202732892801408,0.651642574178619,0.23662393341973767,relevance_minus_redundancy,,
5,"f1_w5,f7_w5,f8_w5,f2_w5,f6_w5",0.4317933799367603,0.39253730392236574,0.8695563059625804,0.23552472797557744,relevance_minus_redundancy,,
5,"f1_w5,f8_w5,f2_w5,f10_w5,f9_w5",0.3787860444866657,0.28722249407692574,0.6668177624795553,0.23517479744820283,relevance_minus_redundancy,,
5,"f5_w5,f3_w5,f7_w5,f8_w5,f6_w5",0.4910821736413486,0.512389344216697,0.8695563059625804,0.2348875015330001,relevance_minus_redundancy,,
5,"f5_w5,f8_w5,f2_w5,f4_w5,f6_w5",0.3660464481945914,0.26308349891842187,0.6267863126461246,0.2345046987353805,relevance_minus_redundancy,,
3,"f1_w5,f7_w5,f8_w5",0.5538012610648034,0.6388554085950174,0.8695563059625804,0.2343735567672947,relevance_minus_redundancy,,
5,"f3_w5,f7_w5,f2_w5,f10_w5,f9_w5",0.35699500112115384,0.24525841661738995,0.7677658786384827,0.23436579281245887,relevance_minus_redundancy,,
5,"f3_w5,f8_w5,f2_w5,f6_w5,f10_w5",0.36278308082329497,0.25862705868807445,0.6267863126461246,0.23346955147925774,relevance_minus_redundancy,,
5,"f3_w5,f2_w5,f4_w5,f10_w5,f9_w5",0.3150507341585276,0.16356537629432394,0.4917152200593687,0.2332680460113656,relevance_minus_redundancy,,
5,"f5_w5,f7_w5,f2_w5,f4_w5,f9_w5",0.3602583684924503,0.2545176927178826,0.7677658786384827,0.232999522133509,relevance_minus_redundancy,,
3,"f1_w5,f8_w5,f9_w5",0.4670001147039831,0.46819361282208494,0.6668177624795553,0.23290330829294065,relevance_minus_redundancy,,
5,"f5_w5,f8_w5,f2_w5,f4_w5,f9_w5",0.35672404702555494,0.24784926427759846,0.6668177624795553,0.2327994148867557,relevance_minus_redundancy,,
5,"f3_w5,f7_w5,f8_w5,f4_w5,f9_w5",0.3831851267151671,0.3017331801749649,0.8695563059625804,0.23231853662768462,relevance_minus_redundancy,,
5,"f5_w5,f3_w5,f7_w5,f8_w5,f9_w5",0.48175977247231205,0.500713761806834,0.8695563059625804,0.23140289156889504,relevance_minus_redundancy,,
5,"f5_w5,f7_w5,f4_w5,f10_w5,f9_w5",0.34455721395386907,0.22895097745394963,0.7677658786384827,0.23008172522689424,relevance_minus_redundancy,,
5,"f3_w5,f7_w5,f8_w5,f6_w5,f10_w5",0.3907668605657718,0.32168347517063756,0.8695563059625804,0.22992512298045303,relevance_minus_redundancy,,
5,"f5_w5,f7_w5,f8_w5,f2_w5,f10_w5",0.40706406752361524,0.3546703383760101,0.8695563059625804,0.2297288983356102,relevance_minus_redundancy,,
5,"f1_w5,f7_w5,f8_w5,f4_w5,f6_w5",0.4178328927166109,0.37655594819243116,0.8695563059625804,0.22955491862039532,relevance_minus_redundancy,,
4,"f3_w5,f4_w5,f6_w5,f9_w5",0.3235422708633769,0.18877445068004417,0.5952090292606915,0.2291550455233548,relevance_minus_redundancy,,
5,"f5_w5,f2_w5,f4_w5,f10_w5,f9_w5",0.3165734342113922,0.18041231898591242,0.4917152200593687,0.226367274718436,relevance_minus_redundancy,,
4,"f3_w5,f2_w5,f10_w5,f9_w5",0.3398345703465606,0.22806214608774208,0.4917152200593687,0.22580349730268956,relevance_minus_redundancy,,
5,"f1_w5,f2_w5,f6_w5,f10_w5,f9_w5",0.3395620793061055,0.23134172228604913,0.5952090292606915,0.22389121816308094,relevance_minus_redundancy,,
5,"f3_w5,f2_w5,f4_w5,f6_w5,f9_w5",0.31597738179213003,0.18451333434146414,0.5952090292606915,0.22372071462139798,relevance_minus_redundancy,,
4,"f5_w5,f7_w5,f8_w5,f10_w5",0.43740062802773344,0.4284323275281238,0.8695563059625804,0.22318446426367153,relevance_minus_redundancy,,
4,"f5_w5,f4_w5,f6_w5,f10_w5",0.33594033784875027,0.22634811657980689,0.6244677589856393,0.2227662795588468,relevance_minus_redundancy,,
5,"f3_w5,f8_w5,f2_w5,f10_w5,f9_w5",0.3534606796542584,0.26219171932556706,0.6668177624795553,0.2223648199914749,relevance_minus_redundancy,,
5,"f3_w5,f7_w5,f8_w5,f10_w5,f9_w5",0.3814444593967353,0.3205810981355646,0.8695563059625804,0.221153910328953,relevance_minus_redundancy,,
5,"f3_w5,f4_w5,f6_w5,f10_w5,f9_w5",0.3002762272535488,0.15898671262229283,0.5952090292606915,0.2207828709424024,relevance_minus_redundancy,,
4,"f5_w5,f8_w5,f4_w5,f9_w5",0.374475602405158,0.3075324764299795,0.6668177624795553,0.22070936419016823,relevance_minus_redundancy,,
4,"f7_w5,f8_w5,f2_w5,f4_w5",0.33380876400452875,0.22836066218313414,0.8695563059625804,0.2196284329129617,relevance_minus_redundancy,,
5,"f1_w5,f5_w5,f7_w5,f8_w5,f6_w5",0.5164075384737559,0.5945741562679132,0.8695563059625804,0.21912046033979926,relevance_minus_redundancy,,
5,"f1_w5,f7_w5,f8_w5,f6_w5,f10_w5",0.416092225398179,0.39417901511164805,0.8695563059625804,0.219002717842355,relevance_minus_redundancy,,
5,"f5_w5,f7_w5,f4_w5,f6_w5,f10_w5",0.3538796151229056,0.27005831313599205,0.658268757278997,0.2188504585549096,relevance_minus_redundancy,,
2,"f2_w5,f4_w5",0.25081660745676915,0.06407288259499229,0.06407288259499229,0.218780166159273,relevance_minus_redundancy,,
5,"f5_w5,f8_w5,f4_w5,f10_w5,f9_w5",0.3410228924869737,0.24515365342799314,0.6668177624795553,0.21844606577297715,relevance_minus_redundancy,,
4,"f5_w5,f7_w5,f4_w5,f9_w5",0.3788935042387772,0.3211461582991506,0.7677658786384827,0.2183204250892019,relevance_minus_redundancy,,
4,"f3_w5,f7_w5,f8_w5,f6_w5",0.43665556250365567,0.4377589154342403,0.8695563059625804,0.21777610478653553,relevance_minus_redundancy,,
4,"f5_w5,f2_w5,f10_w5,f9_w5",0.3417379454126414,0.247972364176274,0.4917152200593687,0.2177517633245044,relevance_minus_redundancy,,
5,"f5_w5,f2_w5,f4_w5,f6_w5,f10_w5",0.32589583538042877,0.21685261699538932,0.6244677589856393,0.2174695268827341,relevance_minus_redundancy,,
4,"f3_w5,f6_w5,f10_w5,f9_w5",0.3213664367153371,0.2079819458553004,0.5952090292606915,0.2173754637876869,relevance_minus_redundancy,,
4,"f5_w5,f7_w5,f2_w5,f6_w5",0.4079971147252597,0.38315494509864007,0.658268757278997,0.21641964217593965,relevance_minus_redundancy,,
1,f4_w5,0.2159153894063955,0.0,0.0,0.2159153894063955,relevance_minus_redundancy,,
3,"f1_w5,f7_w5,f9_w5",0.4728906504821421,0.5148570834337141,0.7677658786384827,0.2154621087652851,relevance_minus_redundancy,,
4,"f5_w5,f8_w5,f2_w5,f6_w5",0.40357921289164045,0.37790125565359883,0.6267863126461246,0.21462858506484103,relevance_minus_redundancy,,
5,"f3_w5,f7_w5,f8_w5,f2_w5,f9_w5",0.39714561393531655,0.3665717493558499,0.8695563059625804,0.2138597392573916,relevance_minus_redundancy,,
2,"f2_w5,f6_w5",0.24878155824469575,0.07207343386708236,0.07207343386708236,0.21274484131115456,relevance_minus_redundancy,,
5,"f1_w5,f7_w5,f8_w5,f4_w5,f9_w5",0.40851049154757435,0.39216701687393074,0.8695563059625804,0.21242698311060898,relevance_minus_redundancy,,
5,"f1_w5,f5_w5,f7_w5,f8_w5,f9_w5",0.5070851373047194,0.5894871068618925,0.8695563059625804,0.2123415838737731,relevance_minus_redundancy,,
4,"f3_w5,f2_w5,f6_w5,f9_w5",0.3409928798885637,0.2578727729785558,0.5952090292606915,0.21205649339928578,relevance_minus_redundancy,,
1,f6_w5,0.21184529098224875,0.0,0.0,0.21184529098224875,relevance_minus_redundancy,,
4,"f5_w5,f7_w5,f10_w5,f9_w5",0.3767176700907375,0.33118119237471894,0.7677658786384827,0.211127073903378,relevance_minus_redundancy,,
4,"f7_w5,f2_w5,f4_w5,f10_w5",0.2836204979868254,0.1455736794431564,0.4917152200593687,0.21083365826524722,relevance_minus_redundancy,,
4,"f5_w5,f7_w5,f4_w5,f6_w5",0.3905465057000729,0.360986853793704,0.658268757278997,0.21005307880322088,relevance_minus_redundancy,,
4,"f5_w5,f8_w5,f2_w5,f9_w5",0.3919262114303448,0.36430754070652677,0.6668177624795553,0.2097724410770814,relevance_minus_redundancy,,
5,"f5_w5,f3_w5,f8_w5,f6_w5,f9_w5",0.43900148582485643,0.45870639182853246,0.6668177624795553,0.2096482899105902,relevance_minus_redundancy,,
3,"f3_w5,f6_w5,f9_w5",0.35941789801570395,0.29960762704398375,0.5952090292606915,0.20961408449371208,relevance_minus_redundancy,,
5,"f1_w5,f5_w5,f8_w5,f6_w5,f9_w5",0.46432685065726365,0.5099269411103247,0.7420058000204852,0.20936338010210132,relevance_minus_redundancy,,
5,"f1_w5,f8_w5,f2_w5,f6_w5,f9_w5",0.37971269212026815,0.343515862695568,0.6668177624795553,0.20795476077248415,relevance_minus_redundancy,,
1,f10_w5,0.20721205281423646,0.0,0.0,0.20721205281423646,relevance_minus_redundancy,,
5,"f1_w5,f7_w5,f8_w5,f2_w5,f9_w5",0.42247097876772377,0.43084312808495967,0.8695563059625804,0.20704941472524394,relevance_minus_redundancy,,
5,"f5_w5,f7_w5,f2_w5,f6_w5,f10_w5",0.36784010234305503,0.3217155271106094,0.658268757278997,0.20698233878775033,relevance_minus_redundancy,,
5,"f1_w5,f7_w5,f8_w5,f10_w5,f9_w5",0.4067698242291426,0.39966517108041744,0.8695563059625804,0.20693723868893388,relevance_minus_redundancy,,
5,"f5_w5,f7_w5,f2_w5,f10_w5,f9_w5",0.3585177011740185,0.3033029469096612,0.7677658786384827,0.2068662277191879,relevance_minus_redundancy,,
4,"f5_w5,f8_w5,f4_w5,f6_w5",0.38612860386645365,0.3589507838455421,0.6267863126461246,0.2066532119436826,relevance_minus_redundancy,,
5,"f3_w5,f8_w5,f4_w5,f6_w5,f9_w5",0.34042684006771146,0.26794848497890456,0.6668177624795553,0.20645259757825918,relevance_minus_redundancy,,
5,"f5_w5,f3_w5,f7_w5,f6_w5,f9_w5",0.44253580729175185,0.4722957492453633,0.7677658786384827,0.20638793266907018,relevance_minus_redundancy,,
4,"f5_w5,f7_w5,f2_w5,f9_w5",0.396344113263964,0.38113884207257714,0.7677658786384827,0.20577469222767544,relevance_minus_redundancy,,
5,"f3_w5,f7_w5,f4_w5,f6_w5,f9_w5",0.3439611615346069,0.27660374013143335,0.7677658786384827,0.2056592914688902,relevance_minus_redundancy,,
5,"f1_w5,f8_w5,f4_w5,f6_w5,f9_w5",0.3657522049001187,0.3208295259046043,0.6668177624795553,0.20533744194781658,relevance_minus_redundancy,,
4,"f5_w5,f2_w5,f6_w5,f10_w5",0.3533909468739371,0.29690951807110183,0.6244677589856393,0.20493618783838616,relevance_minus_redundancy,,
5,"f5_w5,f8_w5,f4_w5,f6_w5,f10_w5",0.3503452936560102,0.2932075562626411,0.6267863126461246,0.20374151552468964,relevance_minus_redundancy,,
5,"f1_w5,f7_w5,f2_w5,f6_w5,f9_w5",0.38324701358716357,0.3591633676611254,0.7677658786384827,0.20366532975660087,relevance_minus_redundancy,,
5,"f1_w5,f5_w5,f7_w5,f6_w5,f9_w5",0.467861172124159,0.5285779766420566,0.7677658786384827,0.2035721838031307,relevance_minus_redundancy,,
3,"f5_w5,f6_w5,f10_w5",0.3759486539962018,0.34503084018218394,0.6244677589856393,0.20343323390510984,relevance_minus_redundancy,,
5,"f1_w5,f7_w5,f4_w5,f6_w5,f9_w5",0.3692865263670141,0.3345464591720342,0.7677658786384827,0.202013296780997,relevance_minus_redundancy,,
5,"f1_w5,f7_w5,f6_w5,f10_w5,f9_w5",0.36754585904858234,0.3312891046040026,0.7677658786384827,0.20190130674658102,relevance_minus_redundancy,,
3,"f8_w5,f4_w5,f10_w5",0.27703085303522734,0.15075203995680075,0.25959446984943446,0.20165483305682697,relevance_minus_redundancy,,
5,"f3_w5,f7_w5,f6_w5,f10_w5,f9_w5",0.34222049421617506,0.2846961493175148,0.7677658786384827,0.19987241955741766,relevance_minus_redundancy,,
4,"f7_w5,f8_w5,f4_w5,f10_w5",0.3141823208313022,0.23131742380194173,0.8695563059625804,0.19852360893033133,relevance_minus_redundancy,,
5,"f5_w5,f2_w5,f4_w5,f6_w5,f9_w5",0.3175000818449947,0.23961784333318797,0.6244677589856393,0.1976911601784007,relevance_minus_redundancy,,
3,"f7_w5,f2_w5,f10_w5",0.3061888675136354,0.21700368927881306,0.4917152200593687,0.19768702287422885,relevance_minus_redundancy,,
5,"f7_w5,f8_w5,f2_w5,f4_w5,f10_w5",0.3084894217664703,0.2245510910044392,0.8695563059625804,0.19621387626425071,relevance_minus_redundancy,,
5,"f5_w5,f8_w5,f2_w5,f10_w5,f9_w5",0.3549833797071231,0.31757505118557716,0.6668177624795553,0.19619585411433454,relevance_minus_redundancy,,
4,"f5_w5,f8_w5,f10_w5,f9_w5",0.37229976825711825,0.35246839836588134,0.6668177624795553,0.19606556907417758,relevance_minus_redundancy,,
5,"f3_w5,f8_w5,f2_w5,f6_w5,f9_w5",0.35438732728786093,0.3167972797397243,0.6668177624795553,0.19598868741799877,relevance_minus_redundancy,,
5,"f3_w5,f2_w5,f6_w5,f10_w5,f9_w5",0.3142367144736983,0.2388020651930555,0.5952090292606915,0.19483568187717054,relevance_minus_redundancy,,
5,"f1_w5,f8_w5,f6_w5,f10_w5,f9_w5",0.3640115375816869,0.33851270405277284,0.6668177624795553,0.1947551855553005,relevance_minus_redundancy,,
4,"f5_w5,f7_w5,f6_w5,f10_w5",0.38837067155203314,0.3878967423904894,0.658268757278997,0.19442230035678845,relevance_minus_redundancy,,
5,"f3_w5,f7_w5,f2_w5,f6_w5,f9_w5",0.3579216487547563,0.3273831065903806,0.7677658786384827,0.194230095459566,relevance_minus_redundancy,,
5,"f5_w5,f8_w5,f2_w5,f6_w5,f10_w5",0.36430578087615967,0.3429341985391309,0.6267863126461246,0.19283868160659423,relevance_minus_redundancy,,
4,"f3_w5,f7_w5,f8_w5,f9_w5",0.42500256104236,0.46459315101796933,0.8695563059625804,0.19270598553337534,relevance_minus_redundancy,,
3,"f2_w5,f4_w5,f6_w5",0.23782616863192904,0.09163792124380203,0.1387674472693314,0.19200720801002802,relevance_minus_redundancy,,
4,"f7_w5,f2_w5,f4_w5,f6_w5",0.2847788075288285,0.18779987466303272,0.658268757278997,0.19087887019731214,relevance_minus_redundancy,,
5,"f3_w5,f8_w5,f6_w5,f10_w5,f9_w5",0.3386861727492797,0.29698142688118623,0.6668177624795553,0.1901954593086866,relevance_minus_redundancy,,
4,"f1_w5,f7_w5,f8_w5,f6_w5",0.46831226854416474,0.5596730645459559,0.8695563059625804,0.1884757362711868,relevance_minus_redundancy,,
4,"f8_w5,f2_w5,f4_w5,f6_w5",0.2803609056952093,0.1907696889918283,0.6267863126461246,0.1849760611992951,relevance_minus_redundancy,,
3,"f7_w5,f8_w5,f4_w5",0.3498390768369908,0.3347576086418104,0.8695563059625804,0.18246027251608557,relevance_minus_redundancy,,
4,"f8_w5,f2_w5,f4_w5,f10_w5",0.2792025961532062,0.19440870970334112,0.4917152200593687,0.18199824130153563,relevance_minus_redundancy,,
5,"f5_w5,f4_w5,f6_w5,f10_w5,f9_w5",0.30179892730641344,0.2402259264310021,0.6244677589856393,0.1816859640909124,relevance_minus_redundancy,,
5,"f5_w5,f7_w5,f8_w5,f2_w5,f6_w5",0.40799071515721774,0.4556776383669684,0.8695563059625804,0.18015189597373354,relevance_minus_redundancy,,
3,"f7_w5,f8_w5,f2_w5",0.37310655553723987,0.3904581901803206,0.8695563059625804,0.17787746044707958,relevance_minus_redundancy,,
2,"f8_w5,f10_w5",0.30758858484964324,0.25959446984943446,0.25959446984943446,0.177791349924926,relevance_minus_redundancy,,
5,"f5_w5,f7_w5,f8_w5,f4_w5,f9_w5",0.3847078267680318,0.41508570988890503,0.8695563059625804,0.17716497182357926,relevance_minus_redundancy,,
5,"f5_w5,f7_w5,f8_w5,f4_w5,f6_w5",0.3940302279370683,0.43498698220229404,0.8695563059625804,0.1765367368359213,relevance_minus_redundancy,,
4,"f3_w5,f8_w5,f6_w5,f9_w5",0.3715547027330405,0.39352516749376276,0.6668177624795553,0.1747921189861591,relevance_minus_redundancy,,
4,"f5_w5,f8_w5,f6_w5,f10_w5",0.3839527697184139,0.42076156030266104,0.6267863126461246,0.1735719895670834,relevance_minus_redundancy,,
4,"f5_w5,f2_w5,f6_w5,f9_w5",0.3428962549546445,0.3415456015673133,0.6244677589856393,0.17212345417098784,relevance_minus_redundancy,,
5,"f7_w5,f2_w5,f4_w5,f6_w5,f10_w5",0.2692654565859101,0.1948848522569777,0.658268757278997,0.17182303045742126,relevance_minus_redundancy,,
4,"f5_w5,f4_w5,f6_w5,f9_w5",0.3254456459294577,0.3082025418273288,0.6244677589856393,0.17134437501579328,relevance_minus_redundancy,,
4,"f1_w5,f8_w5,f6_w5,f9_w5",0.40321140877354955,0.463832211989772,0.6668177624795553,0.17129530277866356,relevance_minus_redundancy,,
4,"f7_w5,f8_w5,f2_w5,f10_w5",0.331632929856489,0.32309497989062286,0.8695563059625804,0.17008543991117758,relevance_minus_redundancy,,
5,"f5_w5,f7_w5,f8_w5,f2_w5,f9_w5",0.3986683139881812,0.45847112153467373,0.8695563059625804,0.16943275322084433,relevance_minus_redundancy,,
4,"f3_w5,f7_w5,f6_w5,f9_w5",0.3759726045666597,0.41366784671355417,0.7677658786384827,0.16913868120988262,relevance_minus_redundancy,,
2,"f10_w5,f9_w5",0.18622266897565132,0.03426762364232355,0.03426762364232355,0.16908885715448954,relevance_minus_redundancy,,
4,"f7_w5,f4_w5,f6_w5,f10_w5",0.2651523643556019,0.19626279286087256,0.658268757278997,0.16702096792516563,relevance_minus_redundancy,,
4,"f7_w5,f4_w5,f10_w5,f9_w5",0.2534993628943063,0.17404410632430256,0.7677658786384827,0.16647730973215502,relevance_minus_redundancy,,
5,"f5_w5,f2_w5,f6_w5,f10_w5,f9_w5",0.31575941452656286,0.2985881214666485,0.6244677589856393,0.16646535379323862,relevance_minus_redundancy,,
5,"f7_w5,f8_w5,f2_w5,f4_w5,f6_w5",0.30941606940007277,0.286605992416034,0.8695563059625804,0.16611307319205576,relevance_minus_redundancy,,
3,"f5_w5,f7_w5,f8_w5",0.5141301530988991,0.696928640786617,0.8695563059625804,0.1656658327055906,relevance_minus_redundancy,,
1,f9_w5,0.1652332851370662,0.0,0.0,0.1652332851370662,relevance_minus_redundancy,,
5,"f5_w5,f7_w5,f8_w5,f10_w5,f9_w5",0.38296715944959997,0.43861517513137394,0.8695563059625804,0.163659571883913,relevance_minus_redundancy,,
4,"f7_w5,f2_w5,f4_w5,f9_w5",0.27312580606753284,0.22028063511617021,0.7677658786384827,0.16298548850944772,relevance_minus_redundancy,,
4,"f8_w5,f2_w5,f4_w5,f9_w5",0.2687079042339136,0.21167283752395663,0.6668177624795553,0.1628714854719353,relevance_minus_redundancy,,
3,"f2_w5,f4_w5,f9_w5",0.22228883335020147,0.12010040169691512,0.22824093195222342,0.16223863250174392,relevance_minus_redundancy,,
3,"f7_w5,f2_w5,f6_w5",0.30773328023630614,0.2912508066763925,0.658268757278997,0.16210787689810988,relevance_minus_redundancy,,
4,"f1_w5,f7_w5,f6_w5,f9_w5",0.4076293106071688,0.49241102140106535,0.7677658786384827,0.1614237999066361,relevance_minus_redundancy,,
5,"f7_w5,f2_w5,f4_w5,f10_w5,f9_w5",0.25994305541687357,0.1971703901435498,0.7677658786384827,0.16135786034509866,relevance_minus_redundancy,,
3,"f4_w5,f10_w5,f9_w5",0.19612024245256607,0.07013554744288841,0.10815162814281203,0.16105246873112186,relevance_minus_redundancy,,
3,"f8_w5,f2_w5,f6_w5",0.3018427444581471,0.28575592740283007,0.6267863126461246,0.1589647807567321,relevance_minus_redundancy,,
5,"f5_w5,f7_w5,f8_w5,f6_w5,f10_w5",0.3922895606186365,0.4686413601574932,0.8695563059625804,0.15796888053988992,relevance_minus_redundancy,,
4,"f1_w5,f7_w5,f8_w5,f9_w5",0.4566592670828691,0.5974881884694222,0.8695563059625804,0.15791517284815798,relevance_minus_redundancy,,
3,"f5_w5,f8_w5,f9_w5",0.42732900673807883,0.5388734475460152,0.6668177624795553,0.15789228296507124,relevance_minus_redundancy,,
2,"f4_w5,f10_w5",0.211563721110316,0.10815162814281203,0.10815162814281203,0.15748790703890997,relevance_minus_redundancy,,
2,"f4_w5,f9_w5",0.19057433727173084,0.06798739054352967,0.06798739054352967,0.15658064199996602,relevance_minus_redundancy,,
3,"f7_w5,f8_w5,f10_w5",0.34693796463960447,0.3816787982353291,0.8695563059625804,0.15609856552193993,relevance_minus_redundancy,,
4,"f5_w5,f6_w5,f10_w5,f9_w5",0.3232698117814179,0.3352126158057003,0.6244677589856393,0.15566350387856775,relevance_minus_redundancy,,
5,"f8_w5,f2_w5,f4_w5,f6_w5,f10_w5",0.2657311351190147,0.22103762594980125,0.6267863126461246,0.15521232214411407,relevance_minus_redundancy,,
5,"f5_w5,f8_w5,f2_w5,f6_w5,f9_w5",0.3559100273407256,0.41043817789986986,0.6668177624795553,0.15069093839079065,relevance_minus_redundancy,,
5,"f5_w5,f8_w5,f4_w5,f6_w5,f9_w5",0.34194954012057616,0.3830425406741663,0.6668177624795553,0.150428269783493,relevance_minus_redundancy,,
4,"f7_w5,f2_w5,f6_w5,f10_w5",0.2826029733807887,0.264608344412991,0.658268757278997,0.1502988011742932,relevance_minus_redundancy,,
3,"f8_w5,f2_w5,f10_w5",0.30029833173547643,0.3032392418680288,0.4917152200593687,0.14867871080146203,relevance_minus_redundancy,,
5,"f5_w5,f7_w5,f4_w5,f6_w5,f9_w5",0.3454838615874715,0.3943589942589563,0.7677658786384827,0.14830436445799336,relevance_minus_redundancy,,
5,"f8_w5,f2_w5,f4_w5,f10_w5,f9_w5",0.2564087339499782,0.2163765966837678,0.6668177624795553,0.1482204356080943,relevance_minus_redundancy,,
2,"f5_w5,f6_w5",0.46031695458718447,0.6244677589856393,0.6244677589856393,0.1480830750943648,relevance_minus_redundancy,,
5,"f5_w5,f7_w5,f2_w5,f6_w5,f9_w5",0.359444348807621,0.42368520318278735,0.7677658786384827,0.14760174721622732,relevance_minus_redundancy,,
4,"f8_w5,f4_w5,f10_w5,f9_w5",0.24908146106068707,0.20355481608930182,0.6668177624795553,0.14730405301603616,relevance_minus_redundancy,,
5,"f7_w5,f8_w5,f2_w5,f4_w5,f9_w5",0.3000936682310362,0.31009759367125955,0.8695563059625804,0.14504487139540645,relevance_minus_redundancy,,
2,"f4_w5,f6_w5",0.21388034019432212,0.1387674472693314,0.1387674472693314,0.1444966165596564,relevance_minus_redundancy,,
3,"f5_w5,f7_w5,f9_w5",0.4332195425162378,0.5775353192155109,0.7677658786384827,0.14445188290848232,relevance_minus_redundancy,,
3,"f7_w5,f4_w5,f6_w5",0.28446580153605705,0.28241423421100786,0.658268757278997,0.14325868443055312,relevance_minus_redundancy,,
5,"f7_w5,f8_w5,f4_w5,f6_w5,f10_w5",0.29371491486149154,0.30180238675015303,0.8695563059625804,0.14281372148641502,relevance_minus_redundancy,,
4,"f8_w5,f4_w5,f6_w5,f10_w5",0.2607344625219827,0.23735111454688096,0.6267863126461246,0.1420589052485422,relevance_minus_redundancy,,
5,"f3_w5,f7_w5,f8_w5,f6_w5,f9_w5",0.3823711070303378,0.481389151007453,0.8695563059625804,0.14167653152661128,relevance_minus_redundancy,,
5,"f5_w5,f7_w5,f6_w5,f10_w5,f9_w5",0.34374319426903976,0.4071329507269069,0.7677658786384827,0.1401767189055863,relevance_minus_redundancy,,
4,"f2_w5,f4_w5,f6_w5,f10_w5",0.2301726396775059,0.18017956990483572,0.4917152200593687,0.14008285472508802,relevance_minus_redundancy,,
5,"f7_w5,f8_w5,f4_w5,f10_w5,f9_w5",0.284392513692455,0.29247431981155414,0.8695563059625804,0.13815535378667793,relevance_minus_redundancy,,
3,"f8_w5,f4_w5,f6_w5",0.2785752657578981,0.28335459393120394,0.6267863126461246,0.13689796879229613,relevance_minus_redundancy,,
3,"f4_w5,f6_w5,f10_w5",0.21165757773429358,0.15107196096919032,0.20629680749542753,0.1361215972496984,relevance_minus_redundancy,,
4,"f2_w5,f4_w5,f10_w5,f9_w5",0.21851963821621023,0.16573927948920827,0.4917152200593687,0.13564999847160608,relevance_minus_redundancy,,
3,"f7_w5,f6_w5,f10_w5",0.28156468933867074,0.29348372788946564,0.658268757278997,0.13482282539393792,relevance_minus_redundancy,,
3,"f5_w5,f8_w5,f6_w5",0.4428663420198064,0.6181167101352064,0.6267863126461246,0.1338079869522032,relevance_minus_redundancy,,
5,"f7_w5,f8_w5,f2_w5,f6_w5,f10_w5",0.30767540208164096,0.35019951906313684,0.8695563059625804,0.13257564255007254,relevance_minus_redundancy,,
3,"f5_w5,f7_w5,f6_w5",0.44875687779796536,0.6336233579626839,0.658268757278997,0.13194519881662342,relevance_minus_redundancy,,
5,"f5_w5,f8_w5,f6_w5,f10_w5,f9_w5",0.34020887280214435,0.4167570298583171,0.6668177624795553,0.1318303578729858,relevance_minus_redundancy,,
4,"f7_w5,f2_w5,f10_w5,f9_w5",0.2709499719194931,0.2802142503449115,0.7677658786384827,0.13084284674703736,relevance_minus_redundancy,,
3,"f7_w5,f10_w5,f9_w5",0.26602735405694317,0.2726397070582595,0.7677658786384827,0.1297075005278134,relevance_minus_redundancy,,
4,"f8_w5,f2_w5,f6_w5,f10_w5",0.2781850715471695,0.3024790466021201,0.6267863126461246,0.12694554824610943,relevance_minus_redundancy,,
5,"f1_w5,f7_w5,f8_w5,f6_w5,f9_w5",0.40769647186274505,0.5621610321567908,0.8695563059625804,0.12661595578434964,relevance_minus_redundancy,,
3,"f8_w5,f4_w5,f9_w5",0.2630379304761706,0.2731050583004136,0.6668177624795553,0.12648540132596378,relevance_minus_redundancy,,
3,"f2_w5,f4_w5,f10_w5",0.23628175590925826,0.22131324359905766,0.4917152200593687,0.12562513410972942,relevance_minus_redundancy,,
4,"f2_w5,f4_w5,f6_w5,f9_w5",0.2196779477582133,0.19439185258130842,0.5952090292606915,0.1224820214675591,relevance_minus_redundancy,,
5,"f8_w5,f2_w5,f4_w5,f6_w5,f9_w5",0.25733538158358066,0.2702873248186969,0.6668177624795553,0.12219171917423222,relevance_minus_redundancy,,
4,"f7_w5,f8_w5,f2_w5,f6_w5",0.3327912393984921,0.4214171790555276,0.8695563059625804,0.12208264987072828,relevance_minus_redundancy,,
5,"f7_w5,f2_w5,f4_w5,f6_w5,f9_w5",0.260869703050476,0.2786002478373123,0.7677658786384827,0.12156957913181987,relevance_minus_redundancy,,
3,"f7_w5,f4_w5,f9_w5",0.2689284662543296,0.2953199224222358,0.7677658786384827,0.12126850504321168,relevance_minus_redundancy,,
5,"f2_w5,f4_w5,f6_w5,f10_w5,f9_w5",0.21718476876941795,0.20067823948277824,0.5952090292606915,0.11684564902802883,relevance_minus_redundancy,,
5,"f7_w5,f8_w5,f2_w5,f10_w5,f9_w5",0.2983530009126044,0.3635662076056322,0.8695563059625804,0.11656989710978832,relevance_minus_redundancy,,
4,"f8_w5,f2_w5,f10_w5,f9_w5",0.2665320700858739,0.3065073406130315,0.6668177624795553,0.11327839977935814,relevance_minus_redundancy,,
5,"f7_w5,f4_w5,f6_w5,f10_w5,f9_w5",0.24516854851189476,0.26428066792502625,0.7677658786384827,0.11302821454938164,relevance_minus_redundancy,,
4,"f7_w5,f8_w5,f4_w5,f6_w5",0.3153406303733053,0.4046825571866474,0.8695563059625804,0.11299935177998158,relevance_minus_redundancy,,
2,"f2_w5,f9_w5",0.22547555532210448,0.22824093195222342,0.22824093195222342,0.11135508934599277,relevance_minus_redundancy,,
3,"f8_w5,f2_w5,f9_w5",0.28630540917641967,0.35115557670902064,0.6668177624795553,0.11072762082190934,relevance_minus_redundancy,,
3,"f2_w5,f6_w5,f10_w5",0.23492505643454265,0.25669515380729285,0.4917152200593687,0.10657747953089622,relevance_minus_redundancy,,
2,"f6_w5,f10_w5",0.2095286718982426,0.20629680749542753,0.20629680749542753,0.10638026815052883,relevance_minus_redundancy,,
4,"f5_w5,f7_w5,f8_w5,f6_w5",0.4385589375697365,0.6667181252117688,0.8695563059625804,0.10519987496385214,relevance_minus_redundancy,,
4,"f5_w5,f7_w5,f8_w5,f9_w5",0.42690593610844085,0.645346014143754,0.8695563059625804,0.10423292903656384,relevance_minus_redundancy,,
4,"f4_w5,f6_w5,f10_w5,f9_w5",0.20005150458498672,0.19177998772568594,0.5952090292606915,0.10416151072214375,relevance_minus_redundancy,,
3,"f7_w5,f2_w5,f9_w5",0.2921959449545786,0.3798056798246014,0.7677658786384827,0.10229310504227793,relevance_minus_redundancy,,
5,"f8_w5,f4_w5,f6_w5,f10_w5,f9_w5",0.24163422704499937,0.27883884932073855,0.6668177624795553,0.1022148023846301,relevance_minus_redundancy,,
3,"f5_w5,f6_w5,f9_w5",0.36195573143714505,0.5221277698769886,0.6244677589856393,0.10089184649865074,relevance_minus_redundancy,,
3,"f8_w5,f10_w5,f9_w5",0.2601368182787842,0.3202266186571044,0.6668177624795553,0.10002350895023202,relevance_minus_redundancy,,
5,"f7_w5,f2_w5,f6_w5,f10_w5,f9_w5",0.2591290357320442,0.3213133529971667,0.7677658786384827,0.09847235923346087,relevance_minus_redundancy,,
4,"f7_w5,f8_w5,f4_w5,f9_w5",0.3036876289120096,0.41780730959783313,0.8695563059625804,0.09478397411309306,relevance_minus_redundancy,,
3,"f2_w5,f10_w5,f9_w5",0.21938772115281516,0.2514079252179719,0.4917152200593687,0.09368375854382921,relevance_minus_redundancy,,
3,"f8_w5,f6_w5,f10_w5",0.2756741535605118,0.36422586333032886,0.6267863126461246,0.09356122189534735,relevance_minus_redundancy,,
4,"f7_w5,f8_w5,f6_w5,f10_w5",0.31316479622526555,0.4393980453544226,0.8695563059625804,0.09346577354805424,relevance_minus_redundancy,,
5,"f8_w5,f2_w5,f6_w5,f10_w5,f9_w5",0.2555947142651488,0.33394096269475143,0.6668177624795553,0.08862423291777308,relevance_minus_redundancy,,
4,"f7_w5,f8_w5,f2_w5,f9_w5",0.3211382379371964,0.4723665239352039,0.8695563059625804,0.08495497596959448,relevance_minus_redundancy,,
4,"f5_w5,f8_w5,f6_w5,f9_w5",0.3734580777991213,0.57718057392175,0.6668177624795553,0.0848677908382463,relevance_minus_redundancy,,
4,"f7_w5,f8_w5,f10_w5,f9_w5",0.3015117947639699,0.4356479432443914,0.8695563059625804,0.0836878231417742,relevance_minus_redundancy,,
4,"f2_w5,f6_w5,f10_w5,f9_w5",0.21750211361017352,0.27130050771285286,0.5952090292606915,0.08185185975374709,relevance_minus_redundancy,,
4,"f5_w5,f7_w5,f6_w5,f9_w5",0.37787597963274056,0.6017585838619768,0.7677658786384827,0.07699668770175216,relevance_minus_redundancy,,
4,"f8_w5,f2_w5,f6_w5,f9_w5",0.2676903796278769,0.39125591765016005,0.6668177624795553,0.07206242080279687,relevance_minus_redundancy,,
3,"f2_w5,f6_w5,f9_w5",0.2209321338754859,0.2985077983599991,0.5952090292606915,0.07167823469548637,relevance_minus_redundancy,,
4,"f8_w5,f4_w5,f6_w5,f9_w5",0.2502397706026901,0.3633463273462314,0.6668177624795553,0.06856660692957439,relevance_minus_redundancy,,
4,"f7_w5,f2_w5,f6_w5,f9_w5",0.2721082814614961,0.4108280433134292,0.7677658786384827,0.06669425980478152,relevance_minus_redundancy,,
5,"f5_w5,f7_w5,f8_w5,f6_w5,f9_w5",0.3838938070832024,0.6376807943033976,0.8695563059625804,0.0650534099315036,relevance_minus_redundancy,,
4,"f7_w5,f4_w5,f6_w5,f9_w5",0.2546576724363093,0.3797008335126213,0.7677658786384827,0.06480725567999868,relevance_minus_redundancy,,
3,"f4_w5,f6_w5,f9_w5",0.1976646551752368,0.2673212890245175,0.5952090292606915,0.06400401066297803,relevance_minus_redundancy,,
4,"f7_w5,f6_w5,f10_w5,f9_w5",0.2524818382882696,0.37961561920164905,0.7677658786384827,0.06267402868744507,relevance_minus_redundancy,,
5,"f7_w5,f8_w5,f2_w5,f6_w5,f9_w5",0.2992796485462069,0.4786536676664118,0.8695563059625804,0.05995281471300101,relevance_minus_redundancy,,
5,"f7_w5,f8_w5,f4_w5,f6_w5,f9_w5",0.28531916132605745,0.4525875404042143,0.8695563059625804,0.059025391123950305,relevance_minus_redundancy,,
3,"f6_w5,f10_w5,f9_w5",0.19476354297785048,0.27859115346614755,0.5952090292606915,0.055467966244776706,relevance_minus_redundancy,,
4,"f8_w5,f6_w5,f10_w5,f9_w5",0.24806393645465036,0.3981620008955928,0.6668177624795553,0.04898293600685397,relevance_minus_redundancy,,
5,"f7_w5,f8_w5,f6_w5,f10_w5,f9_w5",0.2835784940076257,0.4700448566147589,0.8695563059625804,0.04855606570024623,relevance_minus_redundancy,,
2,"f2_w5,f10_w5",0.24646493916068962,0.4917152200593687,0.4917152200593687,0.0006073291310052797,relevance_minus_redundancy,,
2,"f8_w5,f6_w5",0.3099052039336494,0.6267863126461246,0.6267863126461246,-0.003487952389412907,relevance_minus_redundancy,,
2,"f7_w5,f6_w5",0.31874100760088786,0.658268757278997,0.658268757278997,-0.010393371038610655,relevance_minus_redundancy,,
3,"f7_w5,f8_w5,f6_w5",0.3484823773622752,0.7182037919625673,0.8695563059625804,-0.01061951861900845,relevance_minus_redundancy,,
2,"f7_w5,f8_w5",0.41680092055228846,0.8695563059625804,0.8695563059625804,-0.017977232429001733,relevance_minus_redundancy,,
4,"f7_w5,f8_w5,f6_w5,f9_w5",0.30267010430597296,0.6974006743777386,0.8695563059625804,-0.046030232882896316,relevance_minus_redundancy,,
2,"f8_w5,f9_w5",0.28659920101105807,0.6668177624795553,0.6668177624795553,-0.04680968022871956,relevance_minus_redundancy,,
3,"f7_w5,f8_w5,f9_w5",0.3329450420805477,0.7680466490268728,0.8695563059625804,-0.0510782824328887,relevance_minus_redundancy,,
3,"f8_w5,f6_w5,f9_w5",0.26168123100145496,0.6296043681287905,0.6668177624795553,-0.05312095306294029,relevance_minus_redundancy,,
3,"f7_w5,f6_w5,f9_w5",0.267571766779614,0.6737478883927238,0.7677658786384827,-0.06930217741674793,relevance_minus_redundancy,,
2,"f7_w5,f9_w5",0.29543500467829653,0.7677658786384827,0.7677658786384827,-0.0884479346409448,relevance_minus_redundancy,,
2,"f6_w5,f9_w5",0.18853928805965747,0.5952090292606915,0.5952090292606915,-0.10906522657068829,relevance_minus_redundancy,,
