"feature_week","rank_by_lifetime","domain","group_num","group_label","valid_cell_count","ft_cell_count","test_cell_count","lifetime_min","lifetime_median","lifetime_mean","lifetime_max","cells"
"w5","1","source","9","G9","4","0","0","5.204","6.5215","6.54875","7.948","G9C1,G9C2,G9C3,G9C4"
"w5","2","source","64","G64","4","0","0","6.446","8.2515","8.24125","10.016","G64C1,G64C2,G64C3,G64C4"
"w5","3","source","45","G45","4","0","0","7.356","8.4565","8.48875","9.686","G45C1,G45C2,G45C3,G45C4"
"w5","4","source","48","G48","4","0","0","8.576","9.3505","9.8545","12.141","G48C1,G48C2,G48C3,G48C4"
"w5","5","source","63","G63","4","0","0","7.662","9.3725","10.37425","15.09","G63C1,G63C2,G63C3,G63C4"
"w5","6","source","46","G46","4","0","0","6.516","9.513","8.896","10.042","G46C1,G46C2,G46C3,G46C4"
"w5","7","source","28","G28","4","0","0","6.556","9.557","9.17425","11.027","G28C1,G28C2,G28C3,G28C4"
"w5","8","source","24","G24","4","0","0","9.256","10.2075","10.48625","12.274","G24C1,G24C2,G24C3,G24C4"
"w5","9","source","35","G35","4","0","0","7.827","10.220500000000001","10.7345","14.67","G35C1,G35C2,G35C3,G35C4"
"w5","10","source","19","G19","3","0","0","7.869","10.322","10.132666666666667","12.207","G19C1,G19C2,G19C3"
"w5","11","source","22","G22","4","0","0","7.003","10.4145","9.838","11.52","G22C1,G22C2,G22C3,G22C4"
"w5","12","source","38","G38","4","0","0","8.626","10.54","10.714","13.15","G38C1,G38C2,G38C3,G38C4"
"w5","13","source","60","G60","4","0","0","8.615","10.697","10.76425","13.048","G60C1,G60C2,G60C3,G60C4"
"w5","14","source","53","G53","1","0","0","10.766","10.766","10.766","10.766","G53C4"
"w5","15","source","47","G47","4","0","0","9.823","11.2195","11.9665","15.604","G47C1,G47C2,G47C3,G47C4"
"w5","16","source","23","G23","4","0","0","9.822","11.3295","11.163499999999999","12.173","G23C1,G23C2,G23C3,G23C4"
"w5","17","source","31","G31","4","0","0","10.083","11.3565","11.8875","14.754","G31C1,G31C2,G31C3,G31C4"
"w5","18","source","39","G39","4","0","0","10.832","11.672","11.60425","12.241","G39C1,G39C2,G39C3,G39C4"
"w5","19","source","51","G51","4","0","0","10.77","11.7995","11.94875","13.426","G51C1,G51C2,G51C3,G51C4"
"w5","20","source","62","G62","4","0","0","7.807","12.0145","11.89825","15.757","G62C1,G62C2,G62C3,G62C4"
"w5","21","source","36","G36","4","0","0","5.897","12.044","10.652000000000001","12.623","G36C1,G36C2,G36C3,G36C4"
"w5","22","source","20","G20","4","0","0","8.35","12.236","12.133","15.71","G20C1,G20C2,G20C3,G20C4"
"w5","23","source","30","G30","4","0","0","10.181","12.354","13.385","18.651","G30C1,G30C2,G30C3,G30C4"
"w5","24","source","55","G55","4","0","0","12.373","12.657","12.7395","13.271","G55C1,G55C2,G55C3,G55C4"
"w5","25","source","5","G5","4","0","0","8.218","12.707","12.481","16.292","G5C1,G5C2,G5C3,G5C4"
"w5","26","source","21","G21","4","0","0","10.91","12.75","13.315000000000001","16.85","G21C1,G21C2,G21C3,G21C4"
"w5","27","source","61","G61","3","0","0","8.528","13.197","11.937","14.086","G61C2,G61C3,G61C4"
"w5","28","source","13","G13","4","0","0","12.518","14.0365","15.10175","19.816","G13C1,G13C2,G13C3,G13C4"
"w5","29","source","41","G41","4","0","0","13.109","14.17","14.6125","17.001","G41C1,G41C2,G41C3,G41C4"
"w5","30","source","29","G29","4","0","0","12.126","14.502500000000001","15.1175","19.339","G29C1,G29C2,G29C3,G29C4"
"w5","31","source","27","G27","4","0","0","12.384","14.8","15.10825","18.449","G27C1,G27C2,G27C3,G27C4"
"w5","32","source","25","G25","4","0","0","12.79","15.555","18.6595","30.738","G25C1,G25C2,G25C3,G25C4"
"w5","33","source","52","G52","4","0","0","14.085","15.965","15.8285","17.299","G52C1,G52C2,G52C3,G52C4"
"w5","34","source","16","G16","4","0","0","15.427","16.2175","16.16625","16.803","G16C1,G16C2,G16C3,G16C4"
"w5","35","source","37","G37","4","0","0","13.103","16.4515","16.2195","18.872","G37C1,G37C2,G37C3,G37C4"
"w5","36","source","12","G12","4","0","0","9.775","17.6575","17.143","23.482","G12C1,G12C2,G12C3,G12C4"
"w5","37","source","10","G10","4","0","0","14.274","17.811500000000002","18.979","26.019","G10C1,G10C2,G10C3,G10C4"
"w5","38","source","17","G17","4","0","0","15.718","17.812","17.87625","20.163","G17C1,G17C2,G17C3,G17C4"
"w5","39","source","58","G58","4","0","0","14.008","18.1075","19.409","27.413","G58C1,G58C2,G58C3,G58C4"
"w5","40","source","33","G33","4","0","0","16.815","18.3115","19.584","24.898","G33C1,G33C2,G33C3,G33C4"
"w5","41","source","8","G8","4","0","0","12.666","18.366","18.11075","23.045","G8C1,G8C2,G8C3,G8C4"
"w5","42","source","56","G56","4","0","0","15.793","18.7435","18.82775","22.031","G56C1,G56C2,G56C3,G56C4"
"w5","43","source","32","G32","4","0","0","16.929","18.817999999999998","18.77725","20.544","G32C1,G32C2,G32C3,G32C4"
"w5","44","target","43","G43","4","3","1","18.174","20.168","20.5765","23.796","G43C1,G43C2,G43C3,G43C4"
"w5","45","target","42","G42","4","2","2","15.626","20.377499999999998","21.14825","28.212","G42C1,G42C2,G42C3,G42C4"
"w5","46","target","18","G18","3","2","1","18.14","21.186","20.239333333333335","21.392","G18C2,G18C3,G18C4"
"w5","47","target","44","G44","4","2","2","13.902","22.2545","21.5965","27.975","G44C1,G44C2,G44C3,G44C4"
"w5","48","target","3","G3","4","3","1","18.319","22.6965","23.88025","31.809","G3C1,G3C2,G3C3,G3C4"
"w5","49","target","34","G34","4","2","2","19.617","22.7095","22.7985","26.158","G34C1,G34C2,G34C3,G34C4"
"w5","50","target","50","G50","4","2","2","17.418","24.434","24.813000000000002","32.966","G50C1,G50C2,G50C3,G50C4"
"w5","51","target","7","G7","4","2","2","22.278","24.801","27.30975","37.359","G7C1,G7C2,G7C3,G7C4"
"w5","52","target","59","G59","4","2","2","22.432","25.589","25.919249999999998","30.067","G59C1,G59C2,G59C3,G59C4"
"w5","53","target","4","G4","4","2","2","22.88","26.8115","26.858249999999998","30.93","G4C1,G4C2,G4C3,G4C4"
"w5","54","target","2","G2","4","2","2","24.14","27.223","26.7235","28.308","G2C1,G2C2,G2C3,G2C4"
"w5","55","target","54","G54","4","1","3","25.247","27.457","27.41575","29.502","G54C1,G54C2,G54C3,G54C4"
"w5","56","target","40","G40","4","1","3","27.979","28.455","29.0035","31.125","G40C1,G40C2,G40C3,G40C4"
"w5","57","target","49","G49","4","3","1","33.953","37.3795","36.7055","38.11","G49C1,G49C2,G49C3,G49C4"
"w5","58","target","57","G57","1","1","0","37.507","37.507","37.507","37.507","G57C3"
"w5","59","target","6","G6","3","2","1","35.971","38.443","40.03066666666666","45.678","G6C1,G6C2,G6C4"
"w5","60","target","26","G26","3","2","1","31.118","40.243","39.88066666666666","48.281","G26C1,G26C2,G26C4"
"w5","61","target","1","G1","2","1","1","32.002","40.462500000000006","40.462500000000006","48.923","G1C1,G1C4"
